Top pages,Clicks,Impressions,CTR,Position
https://www.nailartai.app/nail-salons/pennsylvania/sewickley/rust-beauty-by-onyx-aura,22,132,16.67%,3.08
https://nailartai.app/,16,462,3.46%,15.08
https://nailartai.app/nail-salons/michigan/royal-oak/galaxy-nail-spa,16,411,3.89%,6.09
https://www.nailartai.app/nail-salons/pennsylvania/stroudsburg/luxury-nails-spa,12,220,5.45%,4.61
https://www.nailartai.app/nail-salons/michigan/novi/s-k-nail-spa-by-kathy,11,54,20.37%,5.39
https://www.nailartai.app/nail-salons/pennsylvania/jenkintown/my-nails-russian-manicures-and-pedicures-call-for-appt-or-walk-in-service,9,204,4.41%,4.53
https://nailartai.app/nail-salons/pennsylvania/sewickley/rust-beauty-by-onyx-aura,8,504,1.59%,6.11
https://www.nailartai.app/nail-salons/michigan/southgate/happy-nails-spa,8,418,1.91%,4.94
https://nailartai.app/nail-salons/ohio/akron/millie-s-nail-spa,8,177,4.52%,10.12
https://nailartai.app/nail-salons/mississippi/hattiesburg/queen-nails-spa,7,255,2.75%,9.72
https://www.nailartai.app/nail-salons/michigan/royal-oak/galaxy-nail-spa,7,224,3.12%,4.62
https://www.nailartai.app/nail-salons/michigan/tawas-city/polished,7,54,12.96%,2.96
https://www.nailartai.app/nail-salons/pennsylvania/annville/polish-nails-spa-by-v-llc,6,172,3.49%,3.38
https://www.nailartai.app/nail-salons/pennsylvania/punxsutawney/zen-nails,6,53,11.32%,3.49
https://www.nailartai.app/nail-salons/pennsylvania/allentown/nailtastic,4,637,0.63%,7
https://nailartai.app/nail-salons/tennessee/adamsville,4,342,1.17%,7.35
https://nailartai.app/nail-salons/pennsylvania/moosic/tip-top-nails,4,319,1.25%,6.66
https://www.nailartai.app/nail-salons/michigan/muskegon/cindy-nails-and-spa,4,219,1.83%,8.06
https://www.nailartai.app/nail-salons/pennsylvania/murrysville/all-polished-up-beauty-and-wellness-studio,4,170,2.35%,9.8
https://www.nailartai.app/nail-salons/pennsylvania/connellsville/venus-nails-of-connellsville,4,133,3.01%,6.14
https://www.nailartai.app/nail-salons/pennsylvania/philadelphia/sakura-nail-salon,4,115,3.48%,10.33
https://nailartai.app/nail-salons/michigan/okemos/a-nail-spa,4,110,3.64%,15.68
https://www.nailartai.app/nail-salons/pennsylvania/phoenixville/orchid-nails-salon,4,106,3.77%,4.76
https://nailartai.app/nail-salons/pennsylvania/annville/polish-nails-spa-by-v-llc,4,78,5.13%,4.74
https://www.nailartai.app/nail-salons/michigan/oscoda/beach-babe,4,78,5.13%,5.86
https://nailartai.app/try-on,4,62,6.45%,28.1
https://www.nailartai.app/nail-salons/michigan/wyoming/nailery-spa,4,61,6.56%,6.33
https://nailartai.app/nail-salons/new-mexico/anthony/deluxe-nails-spa,4,37,10.81%,7.65
https://nailartai.app/nail-salons/michigan/livonia/ken-nails-spa,3,488,0.61%,8.63
https://www.nailartai.app/nail-salons/pennsylvania/west-chester/american-nails,3,411,0.73%,10.51
https://www.nailartai.app/nail-salons/pennsylvania/lancaster/tracy-nails-studio,3,314,0.96%,12.25
https://www.nailartai.app/nail-salons/pennsylvania/west-chester/zen-nail-head-spa,3,299,1%,8.11
https://www.nailartai.app/nail-salons/michigan/grand-haven/royal-nails-spa,3,272,1.1%,9.29
https://nailartai.app/nail-salons/pennsylvania/honesdale/rt-6-nail-salon,3,243,1.23%,9.12
https://nailartai.app/nail-salons/pennsylvania/murrysville/life-in-color-nail-spa,3,237,1.27%,12.21
https://www.nailartai.app/nail-salons/pennsylvania/lewisburg/la-belle-toi-lounge-spa-and-beauty-bar,3,223,1.35%,7.38
https://www.nailartai.app/nail-salons/pennsylvania/philadelphia/the-refinery-spa,3,213,1.41%,6.51
https://www.nailartai.app/nail-salons/michigan/grandville/gloss-nails,3,190,1.58%,8.86
https://www.nailartai.app/nail-salons/pennsylvania/wilkes-barre/t-nails,3,156,1.92%,8.74
https://nailartai.app/nail-salons/michigan/monroe/angels-nail-spa,3,154,1.95%,10.34
https://www.nailartai.app/nail-salons/michigan/livonia/rosa-nails,3,142,2.11%,7.79
https://www.nailartai.app/nail-salons/michigan/southfield/lush-nails-bar,3,125,2.4%,5.14
https://nailartai.app/nail-salons/michigan/grand-blanc/grand-blanc-nails-spa,3,123,2.44%,12.52
https://www.nailartai.app/nail-salons/pennsylvania/ambler/kara-nails-and-spa,3,120,2.5%,7.78
https://www.nailartai.app/nail-salons/delaware/seaford/painting-hair-artistry-salon-spa,3,118,2.54%,5.96
https://www.nailartai.app/nail-salons/pennsylvania/hazleton/smile-spa-asian-massage-parlor,3,109,2.75%,12.32
https://nailartai.app/nail-salons/pennsylvania/east-stroudsburg/luxury-nails-spa,3,98,3.06%,4.17
https://www.nailartai.app/nail-salons/pennsylvania/easton/glam-nails-by-gp,3,92,3.26%,16.72
https://nailartai.app/nail-salons/mississippi/hattiesburg/d-s-nail-lounge,3,91,3.3%,11.73
https://www.nailartai.app/nail-salons/michigan/fenton/d-c-nails,3,89,3.37%,9.08
https://www.nailartai.app/nail-salons/pennsylvania/willow-grove/jm-fancy-nails-spa,3,88,3.41%,5.31
https://nailartai.app/nail-salons/pennsylvania/jenkintown/my-nails-russian-manicures-and-pedicures-call-for-appt-or-walk-in-service,3,81,3.7%,6.09
https://nailartai.app/nail-salons/pennsylvania/york/sisters-nails-spa,3,80,3.75%,6.05
https://www.nailartai.app/nail-salons/pennsylvania/state-college/zen-nails,3,79,3.8%,6.71
https://nailartai.app/nail-salons/delaware/milford/k-d-nails,3,70,4.29%,13.06
https://nailartai.app/nail-salons/new-york/rochester/monroe-nails-inc,3,62,4.84%,9.18
https://nailartai.app/nail-salons/washington/tacoma/jin-nail,3,49,6.12%,7.14
https://www.nailartai.app/nail-salons/delaware/millville/american-nails-spa,3,41,7.32%,7.17
https://www.nailartai.app/nail-salons/michigan/greenville/skin-city-salon-spa,3,33,9.09%,5.03
https://nailartai.app/nail-salons/wisconsin/appleton/the-nail-boutique,3,33,9.09%,6.12
https://www.nailartai.app/nail-salons/delaware/new-castle/coco-nails-spa,3,32,9.38%,17.34
https://www.nailartai.app/nail-salons/pennsylvania/allentown/christianails,3,30,10%,5.13
https://nailartai.app/nail-salons/pennsylvania/horsham/nexus-nail-spa,3,28,10.71%,7.64
https://nailartai.app/nail-salons/alabama/arab/l-a-nails-arab-al,3,28,10.71%,12.79
https://www.nailartai.app/nail-salons/michigan/saginaw/area-27,3,27,11.11%,4.33
https://www.nailartai.app/nail-salons/alabama/birmingham/j-michelle-studios,3,25,12%,7.24
https://www.nailartai.app/nail-salons/pennsylvania/jersey-shore/hush-hair-nail-studio-llc,3,14,21.43%,6.36
https://www.nailartai.app/nail-salons/idaho/aberdeen/aberdeen-beauty-bar,3,10,30%,6.2
https://nailartai.app/christmas-nail-art/gold-red-christmas-metallic-ornaments-sparkly-christmas-nails-bc59666a,2,1112,0.18%,4.9
https://nailartai.app/nail-salons/michigan/midland/modern-nails-2,2,754,0.27%,10.7
https://nailartai.app/nail-salons/pennsylvania/allentown/le-spa,2,467,0.43%,8.85
https://www.nailartai.app/nail-salons/pennsylvania/levittown/top-nails-and-spa,2,385,0.52%,15.22
https://nailartai.app/nail-salons/michigan/woodhaven/bellagio-nail-and-spa,2,378,0.53%,8.41
https://www.nailartai.app/nail-salons/michigan/kalamazoo/v-nails-spa,2,346,0.58%,7.47
https://nailartai.app/design/french-christmas-nude-red-gold-lights-christmas-nails,2,333,0.6%,10.47
https://nailartai.app/nail-salons/pennsylvania/bangor/the-vault-hair-company,2,315,0.63%,8.63
https://nailartai.app/nail-salons/indiana/fort-wayne/queen-s-lounge-glenbrook,2,297,0.67%,8.9
https://nailartai.app/nail-salons/pennsylvania/macungie/hd-nail-lounge,2,296,0.68%,11.78
https://nailartai.app/nail-salons/pennsylvania/minersville/nailed-it-nails-bar,2,289,0.69%,9
https://nailartai.app/nail-salons/pennsylvania/dillsburg/camy-nails,2,277,0.72%,7.28
https://nailartai.app/nail-salons/michigan/canton/holiday-nails,2,263,0.76%,9.31
https://www.nailartai.app/nail-salons/michigan/canton/nails-by-nui,2,256,0.78%,8.06
https://nailartai.app/nail-salons/michigan/davison/m-m-nail-hair-spa,2,255,0.78%,10.36
https://www.nailartai.app/nail-salons/pennsylvania/murrysville/life-in-color-nail-spa,2,243,0.82%,11.39
https://www.nailartai.app/nail-salons/alabama/anniston/luxury-nail-lounge,2,237,0.84%,5.85
https://www.nailartai.app/nail-salons/pennsylvania/catasauqua/ly-nail-spa,2,227,0.88%,8.49
https://www.nailartai.app/nail-salons/michigan/kalamazoo/glamour-nails-under-new-management-we-always-offer-a-10-discount-for-customers-on-their-birthday-or-students,2,219,0.91%,6.08
https://nailartai.app/nail-salons/alabama/auburn/venus-nails-spa,2,219,0.91%,11.86
https://nailartai.app/nail-salons/michigan/taylor/happy-nails-spa,2,211,0.95%,6.64
https://nailartai.app/nail-salons/michigan/traverse-city/we-love-nails,2,206,0.97%,6.43
https://nailartai.app/nail-salons/pennsylvania/archbald/hz-mermaid-nail-salon,2,190,1.05%,7.98
https://nailartai.app/nail-salons/pennsylvania/olyphant/hz-mermaid-nail-salon,2,189,1.06%,8.64
https://www.nailartai.app/nail-salons/alaska/fairbanks/wow-head-spa,2,184,1.09%,10.22
https://www.nailartai.app/nail-salons/pennsylvania/willow-grove/nail-story,2,176,1.14%,10.25
https://www.nailartai.app/nail-salons/pennsylvania/dallas/eva-nails,2,172,1.16%,7.04
https://www.nailartai.app/nail-salons/michigan/northville/qq-nail-and-spa,2,169,1.18%,8.11
https://nailartai.app/nail-salons/pennsylvania/new-holland/vizion-beauty-nails,2,156,1.28%,6.47
https://nailartai.app/nail-salons/south-carolina/north-charleston/a-nails-studio,2,156,1.28%,9.15
https://nailartai.app/nail-salons/pennsylvania/hatfield/superb-nails,2,155,1.29%,13.11
https://www.nailartai.app/nail-salons/michigan/dexter,2,152,1.32%,11.16
https://nailartai.app/nail-salons/pennsylvania/jermyn/hz-mermaid-nail-salon,2,149,1.34%,8.08
https://nailartai.app/nail-salons/michigan/brighton/nurtured-nails,2,147,1.36%,6.56
https://www.nailartai.app/nail-salons/pennsylvania/macungie/hd-nail-lounge,2,143,1.4%,8.27
https://nailartai.app/nail-salons/michigan/birmingham/nails-etc,2,139,1.44%,13.49
https://www.nailartai.app/nail-salons/pennsylvania/hershey/lan-nails-spa,2,138,1.45%,12.04
https://www.nailartai.app/nail-salons/michigan/howell/v-nails-permanent-makeup,2,133,1.5%,10.8
https://nailartai.app/nail-salons/alabama/anniston/tracy-nails-and-spa,2,132,1.52%,9.24
https://nailartai.app/nail-salons/pennsylvania/nazareth/new-green-spa-asian-massage-nazareth-pa,2,129,1.55%,8.4
https://www.nailartai.app/nail-salons/michigan/trenton/the-nailed-coffin,2,125,1.6%,7.09
https://nailartai.app/nail-salons/alabama/vestavia-hills/vip-nails-spa,2,125,1.6%,9.13
https://www.nailartai.app/nail-salons/pennsylvania/easton/luxy-spa-nails,2,122,1.64%,10.64
https://www.nailartai.app/nail-salons/michigan/lincoln-park/the-beauty-room,2,121,1.65%,6.56
https://nailartai.app/nail-salons/alabama/huntsville/rocket-city-nails-spa,2,119,1.68%,8.84
https://nailartai.app/nail-salons/pennsylvania/dubois,2,118,1.69%,12.78
https://www.nailartai.app/nail-salons/pennsylvania/moosic/tip-top-nails,2,113,1.77%,6.4
https://www.nailartai.app/nail-salons/pennsylvania/state-college/nail-time,2,113,1.77%,8.58
https://nailartai.app/nail-salons/pennsylvania/indiana/magic-nails,2,112,1.79%,8.32
https://www.nailartai.app/nail-salons/michigan/saginaw/pretty-nails,2,112,1.79%,12.95
https://www.nailartai.app/nail-salons/pennsylvania/wyomissing/dluxe-beauty-lounge,2,110,1.82%,9.66
https://nailartai.app/nail-salons/michigan/kalamazoo/glamour-nails-under-new-management-we-always-offer-a-10-discount-for-customers-on-their-birthday-or-students,2,109,1.83%,7.5
https://www.nailartai.app/nail-salons/alabama/dothan/color-my-nails,2,108,1.85%,8.56
https://www.nailartai.app/nail-salons/pennsylvania/honesdale/nail-love,2,107,1.87%,12.7
https://nailartai.app/nail-salons/pennsylvania/new-holland/shine-nails-spa-of-leola,2,105,1.9%,7.4
https://www.nailartai.app/nail-salons/pennsylvania/levittown/designer-nails-spa,2,105,1.9%,7.82
https://nailartai.app/nail-salons/california/burbank/aphina-nail-salon,2,105,1.9%,8.05
https://nailartai.app/nail-salons/new-york/syracuse/luminous-nails-spa,2,104,1.92%,11.07
https://nailartai.app/nail-salons/michigan/fremont/happy-nails-spa,2,102,1.96%,8.81
https://nailartai.app/nail-salons/michigan/troy/eco-nails,2,101,1.98%,11.86
https://nailartai.app/nail-salons/texas/abilene/aj-nails-spa,2,101,1.98%,14.12
https://nailartai.app/nail-salons/michigan/fenton/sapphire-nail-bar-spa,2,100,2%,8.72
https://www.nailartai.app/nail-art/occasion/christmas,2,97,2.06%,7.4
https://www.nailartai.app/nail-salons/michigan/jackson/summit-nails-spa,2,97,2.06%,12.41
https://nailartai.app/nail-salons/michigan/st-joseph/t-l-nails-spa,2,95,2.11%,6.05
https://nailartai.app/nail-salons/pennsylvania/bethlehem/sage-nail-spa,2,92,2.17%,8.13
https://www.nailartai.app/nail-salons/pennsylvania/tunkhannock/beauty-nail,2,92,2.17%,8.17
https://nailartai.app/nail-salons/pennsylvania/philadelphia/envy-nail-lounge-spa,2,91,2.2%,8.89
https://www.nailartai.app/nail-salons/pennsylvania/hatfield/superb-nails,2,91,2.2%,11.84
https://www.nailartai.app/nail-salons/pennsylvania/jenkintown/rockledge-nail-salon,2,90,2.22%,9.2
https://nailartai.app/nail-salons/michigan/sault-ste-marie/vip-nails-spa,2,85,2.35%,12.86
https://nailartai.app/nail-salons/michigan/sterling-heights/pristine-nails,2,84,2.38%,7.73
https://nailartai.app/nail-salons/alabama/oxford/la-vie-nails,2,83,2.41%,8.22
https://www.nailartai.app/nail-salons/michigan/clarkston/nails-on-main,2,83,2.41%,20.24
https://www.nailartai.app/nail-salons/pennsylvania/punxsutawney/vs-nails,2,82,2.44%,9.77
https://nailartai.app/nail-salons/pennsylvania/willow-grove/pro-nails,2,82,2.44%,12.62
https://nailartai.app/nail-salons/pennsylvania/ambler/grace-nail-salon,2,81,2.47%,9.44
https://www.nailartai.app/nail-salons/pennsylvania/tamaqua/nails-spa,2,75,2.67%,7.69
https://nailartai.app/nail-salons/new-york/syracuse/marigold-nails-spa-formerly-ryan-s-nails,2,72,2.78%,5.04
https://nailartai.app/nail-salons/alabama/bay-minette/star-nails,2,71,2.82%,7.9
https://www.nailartai.app/nail-salons/georgia/columbus/nails-service-day-spa,2,70,2.86%,5.99
https://nailartai.app/nail-salons/pennsylvania/strasburg/new-creations-studio-inc,2,70,2.86%,7.69
https://www.nailartai.app/nail-salons/pennsylvania/lewisburg/nails-by-shawna,2,66,3.03%,10.29
https://nailartai.app/nail-salons/michigan/rockford/plainfield-nail-spa-llc,2,64,3.12%,10.28
https://www.nailartai.app/nail-salons/pennsylvania/scranton/summer-nails-spa,2,63,3.17%,5.76
https://nailartai.app/nail-salons/michigan/wixom/diva-nails,2,63,3.17%,10.22
https://www.nailartai.app/nail-salons/pennsylvania/stroudsburg/d-d-nail-spa,2,63,3.17%,10.27
https://nailartai.app/nail-salons/pennsylvania/mckeesport/kim-s-nails,2,63,3.17%,10.97
https://www.nailartai.app/nail-salons/delaware/lewes/beach-waves-a-family-salon,2,61,3.28%,9.25
https://www.nailartai.app/nail-salons/delaware/lewes/beauty-nails-spa,2,60,3.33%,6.8
https://nailartai.app/nail-salons/delaware/kenton/del-nail-spa,2,60,3.33%,11.7
https://nailartai.app/nail-salons/pennsylvania/easton/luyi-nail-spa,2,59,3.39%,9.07
https://www.nailartai.app/nail-salons/michigan/sault-ste-marie/viv-nail-gallery,2,58,3.45%,5.6
https://www.nailartai.app/nail-salons/georgia/athens/sugar-polish-nail-bar-prince-ave-10-off-coupon-code,2,57,3.51%,6.04
https://nailartai.app/nail-salons/colorado/fort-collins/nice-nails-fort-collins-10-off-new-customers-thru-nov-15,2,56,3.57%,39.2
https://www.nailartai.app/nail-salons/pennsylvania/murrysville/lynn-s-nails,2,55,3.64%,17.16
https://nailartai.app/nail-salons/tennessee/adamsville/vip-nails-salon,2,53,3.77%,3.74
https://www.nailartai.app/nail-salons/pennsylvania/whitehall/enticed-beauty-studio,2,53,3.77%,7.32
https://nailartai.app/nail-salons/texas/el-paso/ck-nail-lounge,2,52,3.85%,8.15
https://nailartai.app/nail-salons/virginia/amherst,2,52,3.85%,10.15
https://nailartai.app/nail-salons/michigan/sault-ste-marie/kim-nails,2,52,3.85%,16.12
https://nailartai.app/nail-salons/pennsylvania/dallas/v-nails-salon,2,51,3.92%,8
https://nailartai.app/nail-salons/michigan/south-haven/k-nails,2,50,4%,11.66
https://www.nailartai.app/nail-salons/pennsylvania/ardmore/daisy-nails,2,49,4.08%,9.2
https://www.nailartai.app/nail-salons/michigan/bay-city/hairspray-holly-s-salon,2,49,4.08%,10.53
https://nailartai.app/nail-salons/pennsylvania/taylor/tip-top-nails,2,48,4.17%,6.98
https://nailartai.app/nail-salons/pennsylvania/clearfield/mk-spa,2,46,4.35%,14.78
https://nailartai.app/nail-salons/pennsylvania/macungie/nails-by-steve-and-cathy,2,45,4.44%,11.4
https://www.nailartai.app/nail-salons/pennsylvania/freeport/j-nail-studio,2,43,4.65%,14.05
https://www.nailartai.app/nail-salons/pennsylvania/sewickley/the-design-group,2,43,4.65%,22.09
https://www.nailartai.app/nail-salons/delaware/laurel/kr-nails,2,42,4.76%,4.57
https://nailartai.app/nail-salons/pennsylvania/cleona/polish-nails-spa-by-v-llc,2,42,4.76%,7.71
https://www.nailartai.app/nail-salons/michigan/monroe/angels-nail-spa,2,41,4.88%,4.24
https://nailartai.app/nail-salons/pennsylvania/murrysville/lynn-s-nails,2,41,4.88%,11.56
https://www.nailartai.app/nail-salons/michigan/farwell/paisley-sage-studio,2,40,5%,6.75
https://www.nailartai.app/nail-salons/michigan/dearborn,2,38,5.26%,20.32
https://nailartai.app/nail-salons/michigan/oscoda/beach-babe,2,37,5.41%,6.19
https://www.nailartai.app/nail-salons/pennsylvania/coatesville/candid-nails,2,37,5.41%,9.03
https://www.nailartai.app/nail-salons/pennsylvania/punxsutawney/jesse-s,2,37,5.41%,10.54
https://nailartai.app/nail-salons/california/auburn/holly-nails,2,35,5.71%,9.14
https://www.nailartai.app/nail-salons/pennsylvania/dillsburg/springhouse-spa,2,35,5.71%,9.6
https://www.nailartai.app/nail-salons/delaware/lewes/oanh-s-nails,2,34,5.88%,7.76
https://www.nailartai.app/nail-salons/colorado/alamosa/essential-radiance-skin-care-services,2,34,5.88%,11.29
https://nailartai.app/nail-salons/new-jersey/newark/sofia-reis-nails,2,33,6.06%,5.21
https://www.nailartai.app/nail-salons/virginia/altavista/lulu-s,2,33,6.06%,5.61
https://nailartai.app/nail-salons/pennsylvania/philadelphia/sakura-nail-salon,2,32,6.25%,5.09
https://www.nailartai.app/nail-salons/illinois/joliet/image-nail-salon,2,30,6.67%,5.87
https://nailartai.app/nail-salons/pennsylvania/greensburg/europe-nails,2,30,6.67%,10.77
https://www.nailartai.app/nail-salons/michigan/west-branch/nails-by-holland,2,28,7.14%,5.93
https://nailartai.app/nail-salons/west-virginia/morgantown/x-nails,2,27,7.41%,11.41
https://www.nailartai.app/nail-salons/pennsylvania/west-chester/c-d-nails,2,27,7.41%,15
https://www.nailartai.app/nail-salons/pennsylvania/uniontown/bella-nailz,2,25,8%,10.52
https://www.nailartai.app/nail-salons/pennsylvania/myerstown,2,24,8.33%,11.38
https://www.nailartai.app/nail-salons/delaware/hockessin/simple-nails-ii,2,23,8.7%,5.26
https://www.nailartai.app/nail-salons/louisiana/abbeville/tammy-s-nail-salon,2,22,9.09%,4.55
https://www.nailartai.app/nail-salons/pennsylvania/uniontown/studio-412,2,22,9.09%,6.32
https://www.nailartai.app/nail-salons/delaware/pike-creek/nail-d-by-londyn-studios,2,22,9.09%,11
https://www.nailartai.app/nail-salons/pennsylvania/mcsherrystown/kelly-pro-nails,2,21,9.52%,9.57
https://www.nailartai.app/nail-salons/california/delano,2,21,9.52%,18.57
https://www.nailartai.app/nail-salons/pennsylvania/annville/harmonee-nail-studio,2,20,10%,7.15
https://nailartai.app/nail-salons/iowa/adair/eternity-nails-spa,2,20,10%,16.25
https://www.nailartai.app/nail-salons/michigan/cheboygan/shelly-s-place-aka-water-street-salon,2,19,10.53%,7.05
https://www.nailartai.app/nail-salons/south-carolina/anderson/pretty-nails-spa,2,19,10.53%,14
https://www.nailartai.app/nail-salons/florida/apollo-beach/15-off-for-new-clients-noire-the-nail-bar-riverview,2,18,11.11%,2.89
https://nailartai.app/nail-salons/florida/apopka/bahama-nails,2,18,11.11%,9.61
https://nailartai.app/nail-salons/utah/west-jordan/jv-nail-spa,2,18,11.11%,17.61
https://www.nailartai.app/nail-salons/delaware/seaford/meraki-studio,2,17,11.76%,5.94
https://nailartai.app/nail-salons/new-york/rochester/blossom-nails-spa,2,17,11.76%,11.65
https://nailartai.app/nail-salons/california/newark/ritz-beauty-salon,2,16,12.5%,4.75
https://nailartai.app/nail-salons/california/apple-valley/world-luxury-nails-spa,2,16,12.5%,8.62
https://www.nailartai.app/nail-salons/michigan/troy/my-nails-and-spa,2,16,12.5%,11.56
https://www.nailartai.app/nail-salons/michigan/evart/evart-nail-box,2,15,13.33%,3.53
https://nailartai.app/nail-salons/minnesota/apple-valley/apple-nails-5-off-for-students-and-seniors-with-the-service-of-50-more,2,15,13.33%,5.53
https://nailartai.app/nail-salons/pennsylvania/hazleton/smile-spa-asian-massage-parlor,2,15,13.33%,7.33
https://nailartai.app/nail-salons/california/lake-forest/belage-nails-spa,2,15,13.33%,10.73
https://nailartai.app/nail-salons/michigan/okemos/head-to-toe,2,15,13.33%,24.27
https://nailartai.app/nail-salons/pennsylvania/uniontown/bella-nailz,2,14,14.29%,6.93
https://www.nailartai.app/nail-salons/pennsylvania/dillsburg/spa145,2,14,14.29%,13.29
https://www.nailartai.app/nail-salons/delaware/gills-neck/oanh-s-nails,2,13,15.38%,12.62
https://www.nailartai.app/nail-salons/michigan/bay-city/nails-with-april,2,12,16.67%,4.75
https://www.nailartai.app/nail-salons/california/etna,2,12,16.67%,6.42
https://www.nailartai.app/nail-salons/california/chester,2,12,16.67%,7.92
https://nailartai.app/nail-salons/pennsylvania/moosic/endless-possibilities-salon-llc,2,11,18.18%,4.64
https://www.nailartai.app/nail-salons/michigan/taylor/nifti-nail-co,2,10,20%,5.7
https://nailartai.app/nail-salons/montana/absarokee,2,10,20%,7.6
https://www.nailartai.app/nail-salons/california/hemet,2,10,20%,11.8
https://nailartai.app/nail-salons/pennsylvania/mount-joy/universal-nail-studio,2,10,20%,13
https://nailartai.app/nail-salons/idaho/nampa/lash-bungalow,2,9,22.22%,2.78
https://www.nailartai.app/nail-salons/pennsylvania/stroudsburg/jennifer-nails,2,8,25%,5.75
https://nailartai.app/nail-salons/texas/dallas/a-t-studio-nails-dallas-mattison-avenue-salons,2,7,28.57%,3.57
https://nailartai.app/nail-salons/iowa/agency/simply-you-salon,2,7,28.57%,6
https://nailartai.app/nail-salons/pennsylvania/hughesville/hair-gallery,2,7,28.57%,7
https://www.nailartai.app/nail-salons/georgia/columbus/perfect-nails,2,7,28.57%,7
https://www.nailartai.app/nail-salons/idaho/aberdeen/4-seasons-nails-studio,2,7,28.57%,24.86
https://nailartai.app/nail-salons/alabama/alabaster/nail-junkie,2,6,33.33%,1.83
https://nailartai.app/nail-salons/california/yucca-valley/lucky-nails,2,4,50%,7
https://nailartai.app/nail-salons/pennsylvania/conshohocken/coco-blue,1,404,0.25%,5.96
https://nailartai.app/nail-salons/michigan/flint/lovely-nails-spa,1,385,0.26%,9.56
https://nailartai.app/nail-salons/pennsylvania/bethlehem/shelby-s-nails,1,377,0.27%,11
https://nailartai.app/nail-salons/michigan/kalamazoo/v-nails-spa,1,374,0.27%,8.48
https://www.nailartai.app/nail-salons/pennsylvania/collegeville/hello-trappe-nails-llc,1,365,0.27%,6.04
https://nailartai.app/nail-salons/pennsylvania/collegeville/hello-trappe-nails-llc,1,347,0.29%,8.19
https://www.nailartai.app/nail-salons/pennsylvania/easton/magnolia-nails-spa,1,345,0.29%,10.54
https://www.nailartai.app/nail-salons/georgia/columbus/the-x-nails-bar-15-off-for-new-client,1,336,0.3%,7.51
https://nailartai.app/nail-salons/alabama/hartselle/simply-nail-spa,1,315,0.32%,10.72
https://www.nailartai.app/nail-salons/pennsylvania/olyphant/hz-mermaid-nail-salon,1,313,0.32%,7.05
https://nailartai.app/nail-salons/alabama/cullman/nail-bar-lounge,1,304,0.33%,9.06
https://www.nailartai.app/nail-salons/michigan/muskegon/twins-nails-spa,1,286,0.35%,8.34
https://nailartai.app/nail-salons/georgia/columbus/the-x-nails-bar-15-off-for-new-client,1,275,0.36%,7.95
https://www.nailartai.app/nail-salons/pennsylvania/allentown/bliss-nails-spa,1,275,0.36%,8.97
https://nailartai.app/nail-salons/michigan/rochester-hills/creative-nails-too,1,268,0.37%,10.06
https://nailartai.app/nail-salons/michigan/muskegon/lucky-nails,1,260,0.38%,6.82
https://www.nailartai.app/nail-salons/pennsylvania/spring-grove/nails-salem,1,260,0.38%,7.36
https://www.nailartai.app/nail-salons/pennsylvania/collegeville/star-nails-by-kim,1,251,0.4%,7.07
https://www.nailartai.app/nail-salons/pennsylvania/beaver/luna-nail-studio,1,250,0.4%,10.32
https://www.nailartai.app/nail-salons/pennsylvania/murrysville/1st-nails-spa,1,249,0.4%,16.18
https://nailartai.app/nail-salons/pennsylvania/bethlehem/tipsy-nails-spa,1,245,0.41%,10.89
https://nailartai.app/nail-salons/michigan/grosse-pointe/asian-nails,1,244,0.41%,7.44
https://www.nailartai.app/nail-salons/michigan/jenison/posh-nails-spa-knapp-s-corner,1,244,0.41%,7.74
https://nailartai.app/nail-salons/michigan/big-rapids/cat-nails-spa,1,242,0.41%,13.22
https://nailartai.app/nail-salons/michigan/mount-pleasant/la-nails,1,238,0.42%,9.17
https://nailartai.app/nail-salons/pennsylvania/exton/nina-nails-spa,1,234,0.43%,10.27
https://nailartai.app/nail-salons/california/santa-clarita/victoria-nails-lounge,1,230,0.43%,6
https://www.nailartai.app/nail-salons/pennsylvania/monroeville,1,229,0.44%,13.62
https://www.nailartai.app/nail-salons/pennsylvania/north-wales/beyond-nails,1,225,0.44%,8.53
https://nailartai.app/nail-salons/delaware/lewes/tnt-nails-spa-llc,1,221,0.45%,8.67
https://www.nailartai.app/nail-salons/pennsylvania/archbald/hz-mermaid-nail-salon,1,214,0.47%,7.98
https://www.nailartai.app/nail-salons/michigan/east-lansing/m-vinc-nail-spa-eastwood-towne-center,1,207,0.48%,8.54
https://nailartai.app/nail-salons/delaware/smyrna/bb-nails-spa,1,207,0.48%,10.61
https://www.nailartai.app/nail-salons/pennsylvania/oakmont/royal-nails-spa,1,206,0.49%,8.47
https://nailartai.app/nail-salons/michigan/sault-ste-marie/number-1-nails,1,202,0.5%,8.61
https://nailartai.app/nail-salons/michigan/ann-arbor/pro-nails-spa,1,202,0.5%,9.76
https://nailartai.app/nail-salons/massachusetts/springfield/lucky-nails-salon,1,200,0.5%,12.73
https://nailartai.app/nail-salons/michigan/novi/attractive-nails,1,197,0.51%,10.42
https://nailartai.app/nail-salons/new-jersey/jersey-city/fresh-nails-spa,1,197,0.51%,11.51
https://www.nailartai.app/nail-salons/pennsylvania/greensburg/h-m-nails,1,196,0.51%,11.27
https://nailartai.app/nail-salons/michigan/pinconning/sam-s-hair-design,1,195,0.51%,9.35
https://www.nailartai.app/nail-salons/pennsylvania/annville,1,194,0.52%,8.18
https://nailartai.app/nail-salons/michigan/pontiac/dawn-nail-spa,1,192,0.52%,10.48
https://nailartai.app/nail-salons/michigan/saline/elite-nails,1,190,0.53%,10.53
https://nailartai.app/nail-salons/mississippi/hattiesburg/glamour-nails,1,187,0.53%,7.74
https://www.nailartai.app/nail-salons/pennsylvania/indiana/bella-day-spa-and-transform-med-spa,1,187,0.53%,12.8
https://nailartai.app/nail-salons/illinois/aurora/apex-nail-spa-montgomery,1,183,0.55%,7.6
https://www.nailartai.app/nail-salons/michigan/clarkston/paradise-nails-and-spa,1,182,0.55%,14.16
https://www.nailartai.app/nail-salons/pennsylvania/ridgway/c-t-nails-spa-dubois,1,181,0.55%,11.96
https://nailartai.app/nail-salons/pennsylvania/shamokin/q-nails,1,178,0.56%,9.29
https://nailartai.app/nail-salons/michigan/rockford/k-k-nails-too,1,178,0.56%,11.83
https://www.nailartai.app/nail-salons/pennsylvania/chambersburg,1,175,0.57%,13.68
https://nailartai.app/nail-salons/wisconsin/antigo/lulu-nails-spa,1,172,0.58%,9.35
https://nailartai.app/nail-salons/michigan/taylor/peony-nails-and-spa,1,171,0.58%,10.94
https://nailartai.app/nail-salons/mississippi/hattiesburg/sky-nails-llc,1,170,0.59%,8.36
https://www.nailartai.app/nail-salons/pennsylvania/philadelphia/philadelphia-nails-and-esthetics,1,169,0.59%,7.92
https://nailartai.app/nail-salons/pennsylvania/cranberry-township/nails-co,1,169,0.59%,8.38
https://www.nailartai.app/nail-salons/pennsylvania/morrisville/flower-nails-spa,1,168,0.6%,12.44
https://www.nailartai.app/nail-salons/pennsylvania/coatesville/limited-nail-salon,1,167,0.6%,9.75
https://nailartai.app/nail-salons/pennsylvania/lancaster/da-v-nails,1,167,0.6%,11.39
https://www.nailartai.app/nail-salons/pennsylvania/bloomsburg/organic-nails-spa-llc,1,167,0.6%,11.89
https://www.nailartai.app/nail-salons/pennsylvania/philadelphia/la-maison-nails-spa,1,165,0.61%,6.87
https://nailartai.app/nail-salons/alabama/gadsden/drip-nails-spa,1,165,0.61%,7.25
https://www.nailartai.app/nail-salons/pennsylvania/beaver/kelly-s-cuts,1,165,0.61%,8.28
https://nailartai.app/nail-salons/pennsylvania/pottstown/garden-nails-and-lashes,1,162,0.62%,10.12
https://nailartai.app/nail-salons/pennsylvania/wyomissing/anna-nails-spa,1,162,0.62%,11.54
https://nailartai.app/nail-salons/pennsylvania/lancaster/uniq-nails-spa,1,161,0.62%,10.04
https://nailartai.app/nail-salons/michigan/standish/studio-104,1,160,0.62%,6.65
https://nailartai.app/nail-salons/california/redding/sky-nail-spa,1,160,0.62%,9.24
https://nailartai.app/nail-salons/michigan/trenton/q-nails-spa,1,157,0.64%,9.49
https://nailartai.app/nail-salons/texas/fort-worth/west7-nail-bar-voted-best-of-fort-worth-20-off-builder-gel-gelx-nails,1,157,0.64%,12.09
https://www.nailartai.app/nail-salons/delaware/pike-creek/victoria-nails-salon,1,157,0.64%,13.83
https://www.nailartai.app/nail-salons/michigan/livonia/ken-nails-spa,1,156,0.64%,9.13
https://www.nailartai.app/nail-salons/michigan/port-huron/linda-nails,1,155,0.65%,6.87
https://www.nailartai.app/nail-salons/pennsylvania/hermitage/in-style-nails-spas,1,154,0.65%,9.44
https://nailartai.app/nail-salons/ohio/akron/grand-nails-llc,1,154,0.65%,14.38
https://nailartai.app/nail-salons/pennsylvania/lewisburg/star-nails,1,152,0.66%,11.56
https://www.nailartai.app/nail-salons/pennsylvania/hanover/amy-s-nail-spa,1,152,0.66%,18.42
https://nailartai.app/nail-salons/delaware/west-fenwick-island/venus-nails-fenwick,1,149,0.67%,11.93
https://www.nailartai.app/nail-salons/michigan/iron-mountain/exhale-906,1,149,0.67%,12.51
https://nailartai.app/nail-salons/pennsylvania/waterford/essence-nails,1,148,0.68%,16.94
https://www.nailartai.app/nail-salons/pennsylvania/malvern/paradise-nails,1,147,0.68%,12.93
https://www.nailartai.app/nail-salons/pennsylvania/dillsburg/camy-nails,1,145,0.69%,6.97
https://nailartai.app/nail-salons/michigan/midland/modern-nails,1,145,0.69%,8.23
https://nailartai.app/nail-salons/ohio/columbus/nail-theory-of-ua,1,141,0.71%,5.94
https://nailartai.app/nail-salons/michigan/bay-city/kim-nails,1,141,0.71%,9.01
https://www.nailartai.app/design/green-gradient-gold-star-ring-finger-christmas-nails-587c0033,1,141,0.71%,9.17
https://nailartai.app/nail-salons/pennsylvania/state-college/t-nails-spa,1,141,0.71%,9.47
https://nailartai.app/nail-salons/pennsylvania/archbald,1,141,0.71%,10.79
https://www.nailartai.app/nail-salons/pennsylvania/warminster/stk-nails,1,139,0.72%,7
https://nailartai.app/nail-salons/pennsylvania/ephrata/v-nails-lounge,1,139,0.72%,8.47
https://nailartai.app/nail-salons/pennsylvania/york/posh-nail-spa,1,139,0.72%,9.46
https://nailartai.app/nail-salons/illinois/springfield/polish-nail-spa-llc,1,138,0.72%,8.49
https://nailartai.app/nail-salons/illinois/aurora/dangina-studio,1,138,0.72%,9.06
https://nailartai.app/nail-salons/pennsylvania/ephrata/jn-hair-nails-spa,1,138,0.72%,10.46
https://nailartai.app/nail-salons/michigan/ann-arbor/signature-nails-spa,1,137,0.73%,8.05
https://nailartai.app/nail-salons/michigan/battle-creek/infiniti-nails,1,137,0.73%,9.02
https://www.nailartai.app/nail-salons/pennsylvania/perkasie/elegant-nails-by-laura,1,136,0.74%,7.92
https://www.nailartai.app/nail-salons/michigan/westland/t-l-nails,1,136,0.74%,9.39
https://www.nailartai.app/nail-salons/michigan/ann-arbor/leo-nails,1,134,0.75%,9.25
https://www.nailartai.app/nail-salons/pennsylvania/morrisville/dazzling-nails,1,132,0.76%,12.73
https://nailartai.app/nail-salons/michigan/port-huron/g-a-nails,1,130,0.77%,8.37
https://www.nailartai.app/nail-salons/michigan/lapeer/the-girl-house,1,129,0.78%,6.01
https://nailartai.app/nail-salons/pennsylvania/jenkintown/julie-s-nail-spa,1,129,0.78%,14.49
https://www.nailartai.app/nail-salons/pennsylvania/bloomsburg/ata-spa,1,128,0.78%,8.49
https://www.nailartai.app/nail-salons/michigan/muskegon/beauty-nails-spa,1,128,0.78%,10.42
https://www.nailartai.app/nail-salons/pennsylvania/spring-grove/heather-s-nails-tanning,1,128,0.78%,16.27
https://www.nailartai.app/nail-salons/michigan/muskegon/thai-cottage-spa,1,127,0.79%,9.63
https://www.nailartai.app/nail-salons/pennsylvania/lancaster/da-v-nails,1,127,0.79%,12.5
https://www.nailartai.app/nail-salons/pennsylvania/dickson-city,1,126,0.79%,11.36
https://nailartai.app/nail-salons/delaware/seaford/pretty-nails,1,126,0.79%,11.43
https://www.nailartai.app/nail-salons/pennsylvania/newtown,1,126,0.79%,15.25
https://www.nailartai.app/nail-salons/georgia/atlanta/sugar-polish-nail-bar-atlanta-10-off-new-customers,1,125,0.8%,6.82
https://www.nailartai.app/nail-salons/pennsylvania/bethlehem/nail-city,1,124,0.81%,7.29
https://www.nailartai.app/nail-salons/michigan/saginaw/tracy-nail-spa,1,124,0.81%,8.63
https://www.nailartai.app/nail-salons/pennsylvania/levittown/lotus-nail,1,124,0.81%,9.1
https://nailartai.app/nail-salons/pennsylvania/tunkhannock/beauty-nail,1,123,0.81%,9.65
https://nailartai.app/nail-salons/michigan/grandville/mirage-nails-spa,1,122,0.82%,6.63
https://www.nailartai.app/nail-salons/illinois/naperville/blessed-nails-spa,1,122,0.82%,20.35
https://www.nailartai.app/nail-salons/south-carolina/anderson/happy-nails-of-anderson,1,121,0.83%,9.09
https://nailartai.app/nail-salons/texas/abilene/hollywood-nails,1,121,0.83%,9.31
https://www.nailartai.app/nail-salons/michigan/dearborn/luxe-nails-spa,1,121,0.83%,12.29
https://www.nailartai.app/nail-salons/pennsylvania/warminster/vee-s-artistic-nails,1,120,0.83%,8.07
https://www.nailartai.app/nail-salons/pennsylvania/carbondale/jck-nails,1,120,0.83%,13.47
https://www.nailartai.app/nail-salons/michigan/battle-creek/wattles-park-hair-salon-spa,1,119,0.84%,10.53
https://nailartai.app/nail-salons/michigan/grandville/bliss-nail-bar,1,119,0.84%,11.87
https://nailartai.app/nail-salons/michigan/hillsdale/ten-on-the-table-spa,1,119,0.84%,12.85
https://nailartai.app/nail-salons/massachusetts/cambridge/sunny-nails,1,118,0.85%,9.48
https://nailartai.app/nail-salons/michigan/midland/g-h-nail-gallery,1,118,0.85%,11.56
https://www.nailartai.app/nail-salons/pennsylvania/philadelphia/periwinkle-nails,1,117,0.85%,7.21
https://nailartai.app/nail-salons/alabama/brewton/new-world-nails,1,117,0.85%,8.29
https://www.nailartai.app/nail-salons/florida/tampa/aq-nails-spa-westshore,1,117,0.85%,11.01
https://www.nailartai.app/nail-salons/pennsylvania/state-college/ivy-nails,1,116,0.86%,8.06
https://www.nailartai.app/nail-salons/pennsylvania/limerick,1,116,0.86%,10.16
https://www.nailartai.app/nail-salons/pennsylvania/lansdale/a-j-nails-spa,1,116,0.86%,10.21
https://www.nailartai.app/nail-salons/alaska/anchorage/vip-nails-spa,1,116,0.86%,11.64
https://www.nailartai.app/nail-salons/pennsylvania/aliquippa/nails-hope,1,116,0.86%,12.59
https://www.nailartai.app/nail-salons/pennsylvania/carlisle/tranquility-salon-wellness-center,1,115,0.87%,13.37
https://nailartai.app/nail-salons/pennsylvania/doylestown,1,115,0.87%,16.77
https://nailartai.app/nail-salons/michigan/hillsdale/viaggio-salon-spa,1,115,0.87%,17.12
https://www.nailartai.app/nail-salons/pennsylvania/easton/young-beauty-spa,1,114,0.88%,18.26
https://nailartai.app/nail-salons/indiana/fort-wayne,1,114,0.88%,27.22
https://nailartai.app/nail-salons/michigan/ann-arbor/natural-nails,1,113,0.88%,10.13
https://nailartai.app/nail-salons/oklahoma/anadarko/happy-nails,1,112,0.89%,8.21
https://www.nailartai.app/nail-salons/pennsylvania/greensburg/city-nails-and-spa-behind-westmoreland-mall,1,112,0.89%,8.72
https://nailartai.app/nail-salons/california/fairfax,1,112,0.89%,9.95
https://nailartai.app/nail-salons/south-dakota/aberdeen,1,112,0.89%,18.5
https://www.nailartai.app/nail-salons/pennsylvania/downingtown,1,111,0.9%,16.73
https://www.nailartai.app/nail-salons/michigan/belleville/734-beauty-lounge-nails-eyelash-extensions-lash-lifts-hair-extensions-color-more,1,110,0.91%,6.99
https://www.nailartai.app/nail-salons/pennsylvania/hermitage/t-t-nail-spa,1,110,0.91%,8.77
https://www.nailartai.app/nail-salons/michigan/ann-arbor/ocean-nails,1,109,0.92%,8.93
https://www.nailartai.app/nail-salons/pennsylvania/allentown/apsara-nail-studio-llc,1,109,0.92%,8.96
https://www.nailartai.app/nail-salons/delaware/smyrna/bb-nails-spa,1,109,0.92%,15.31
https://nailartai.app/nail-salons/michigan/sterling-heights/instyle-nails,1,108,0.93%,8.94
https://www.nailartai.app/nail-salons/pennsylvania/malvern/new-nail-pampering-parlour,1,106,0.94%,7.07
https://www.nailartai.app/nail-salons/michigan/rochester-hills/lv-nails-spa,1,106,0.94%,9.32
https://nailartai.app/nail-salons/pennsylvania/lancaster/nouvelle-nails-llc,1,106,0.94%,9.43
https://nailartai.app/nail-salons/texas/austin/ava-spa-nails,1,106,0.94%,16.08
https://www.nailartai.app/nail-salons/michigan/milan/rose-s-nail-spa-llc,1,105,0.95%,7.32
https://www.nailartai.app/nail-salons/pennsylvania/butler/t-q-nail,1,105,0.95%,9.69
https://www.nailartai.app/nail-salons/pennsylvania/greencastle/nail-two,1,105,0.95%,12.56
https://nailartai.app/nail-salons/pennsylvania/mount-joy,1,103,0.97%,12.46
https://www.nailartai.app/nail-salons/pennsylvania/shamokin/q-nails,1,102,0.98%,11.61
https://www.nailartai.app/nail-salons/michigan/southgate/cindy-s-nails,1,102,0.98%,12.02
https://nailartai.app/nail-salons/michigan/midland/bc-nails-design,1,102,0.98%,12.03
https://www.nailartai.app/nail-salons/pennsylvania/warminster/belle-palace-nail-spa-warrington,1,102,0.98%,12.84
https://nailartai.app/nail-salons/colorado/colorado-springs/peak-nails,1,101,0.99%,7.52
https://www.nailartai.app/nail-salons/pennsylvania/greensburg/nail-bar,1,101,0.99%,9.02
https://nailartai.app/nail-salons/pennsylvania/new-holland/99-nail,1,101,0.99%,11.04
https://www.nailartai.app/nail-salons/pennsylvania/souderton/revive-nail-bar,1,101,0.99%,11.56
https://nailartai.app/nail-salons/pennsylvania/west-chester/sunrise-nails-day-spa,1,101,0.99%,13.29
https://www.nailartai.app/nail-salons/delaware/hockessin/sugarcoat-nail-salon,1,101,0.99%,14.42
https://www.nailartai.app/nail-salons/pennsylvania/macungie/nails-by-steve-and-cathy,1,100,1%,5.26
https://nailartai.app/nail-salons/michigan/sterling-heights/imagine-nails-hayes-rd,1,100,1%,10.74
https://nailartai.app/nail-salons/pennsylvania/new-holland/ava-nail-spa,1,99,1.01%,8.76
https://www.nailartai.app/nail-salons/pennsylvania/blairsville/classy-nails-spa-boutique-llc,1,99,1.01%,9.22
https://nailartai.app/nail-salons/pennsylvania/north-wales/beyond-nails,1,99,1.01%,9.32
https://www.nailartai.app/nail-salons/pennsylvania/kennett-square/nailish-salon-for-natural-nails,1,99,1.01%,18.81
https://www.nailartai.app/nail-salons/pennsylvania/lebanon/natural-nails,1,98,1.02%,8.91
https://www.nailartai.app/nail-salons/michigan/ann-arbor/signature-nails-spa,1,98,1.02%,10
https://nailartai.app/nail-salons/delaware/long-neck/lotus-nails-spa,1,98,1.02%,11.58
https://nailartai.app/nail-salons/delaware/newark/pham-tastic-nails-spa,1,97,1.03%,6.38
https://nailartai.app/nail-salons/alabama/fultondale/nails-31,1,97,1.03%,11.29
https://www.nailartai.app/nail-salons/pennsylvania/wayne,1,97,1.03%,15.02
https://nailartai.app/nail-salons/michigan/muskegon/dazzling-nail,1,96,1.04%,7.6
https://nailartai.app/nail-salons/new-jersey/aberdeen/luvi-nails-spa,1,95,1.05%,11.56
https://nailartai.app/nail-salons/delaware/fenwick-island/venus-nails-fenwick,1,95,1.05%,14.39
https://nailartai.app/nail-salons/pennsylvania/philadelphia/periwinkle-nails,1,94,1.06%,7.03
https://nailartai.app/nail-salons/california/san-diego/hanny-nail-spa,1,94,1.06%,8.8
https://nailartai.app/nail-salons/michigan/white-lake/d-classy-nails,1,94,1.06%,8.82
https://nailartai.app/nail-salons/new-york/new-york/peach-bling-japanese-nail-atelier,1,94,1.06%,9.1
https://www.nailartai.app/nail-salons/michigan/howell/pro-nails,1,94,1.06%,9.22
https://www.nailartai.app/nail-salons/michigan/ypsilanti/modern-nails,1,94,1.06%,9.56
https://www.nailartai.app/nail-salons/michigan/standish/studio-104,1,93,1.08%,7.35
https://nailartai.app/nail-salons/california/la-verne/mirai-nail-and-spa,1,93,1.08%,8.63
https://www.nailartai.app/nail-art/occasion/veterans-day,1,93,1.08%,12.26
https://www.nailartai.app/nail-salons/pennsylvania/horsham/tips-toes-nail-ii,1,93,1.08%,12.37
https://nailartai.app/nail-salons/california/santa-rosa/sea-spa-nails-15-off-new-customer-only-b4-2pm,1,92,1.09%,7.37
https://www.nailartai.app/nail-salons/michigan/fenton/j-d-michel,1,92,1.09%,8.71
https://www.nailartai.app/nail-salons/pennsylvania/albion/beauty-by-brit,1,92,1.09%,9.62
https://nailartai.app/nail-salons/massachusetts/acton,1,91,1.1%,19.64
https://www.nailartai.app/nail-salons/michigan/mount-pleasant/gigi-nail-spa,1,90,1.11%,9.69
https://www.nailartai.app/nail-salons/michigan/marquette/the-u-p-hair-company,1,90,1.11%,10.03
https://www.nailartai.app/nail-salons/michigan/troy/lulu-nails-spa,1,90,1.11%,10.54
https://www.nailartai.app/nail-salons/pennsylvania/vandergrift/tisha-s-salon-spa-bar-llc,1,90,1.11%,10.97
https://nailartai.app/nail-salons/michigan/davison/modern-blend-studio,1,89,1.12%,7.91
https://nailartai.app/nail-salons/iowa/cedar-rapids/the-nail-shop,1,89,1.12%,8.65
https://nailartai.app/nail-salons/michigan/wixom/wonder-nails-spa,1,89,1.12%,11.33
https://nailartai.app/nail-salons/california/redding/a-to-z-nails,1,89,1.12%,11.71
https://www.nailartai.app/nail-salons/michigan/brighton/nurtured-nails,1,88,1.14%,5.97
https://www.nailartai.app/nail-salons/pennsylvania/stroudsburg/ooh-la-la-nail-spa,1,88,1.14%,8.31
https://nailartai.app/nail-salons/alabama/eufaula/envy-nails,1,88,1.14%,11.64
https://nailartai.app/nail-salons/michigan/marquette,1,88,1.14%,24.1
https://nailartai.app/nail-salons/california/lompoc/diamond-nail-salon,1,87,1.15%,6.25
https://www.nailartai.app/nail-salons/pennsylvania/new-holland/an-v-nails,1,87,1.15%,7.09
https://nailartai.app/nail-salons/delaware/hartly/valley-nails,1,87,1.15%,9.48
https://www.nailartai.app/nail-salons/pennsylvania/montoursville/mm-nail-spa,1,87,1.15%,11.69
https://nailartai.app/nail-salons/pennsylvania/warminster/lovely-nails-spa,1,87,1.15%,18.24
https://www.nailartai.app/nail-salons/pennsylvania/wilkes-barre/lv-nails-spa,1,86,1.16%,9.53
https://www.nailartai.app/nail-salons/pennsylvania/philadelphia/studio-n-r,1,85,1.18%,5.47
https://www.nailartai.app/nail-salons/pennsylvania/willow-grove/g-one-nails-spa,1,85,1.18%,8.62
https://www.nailartai.app/nail-salons/pennsylvania/york/lush-nails-studio,1,85,1.18%,9.64
https://www.nailartai.app/nail-salons/north-carolina/raleigh/manor-nail-bar,1,85,1.18%,12.73
https://www.nailartai.app/nail-salons/michigan/lowell/capital-nails-qt-nails-and-beauty-bar,1,85,1.18%,13.69
https://nailartai.app/nail-salons/michigan/hillsdale/hillsdale-s-nails,1,85,1.18%,13.78
https://nailartai.app/nail-salons/california/larkspur/nail-motif,1,84,1.19%,8.3
https://nailartai.app/nail-salons/michigan/battle-creek/le-nails,1,84,1.19%,8.83
https://nailartai.app/nail-salons/alabama/anniston/hedren-nails-llc,1,84,1.19%,8.95
https://nailartai.app/nail-salons/pennsylvania/mcsherrystown/manicuring-dreams-by-jeannie-llc,1,84,1.19%,9.83
https://nailartai.app/nail-salons/michigan/mount-pleasant/sky-salon,1,84,1.19%,9.93
https://nailartai.app/nail-salons/pennsylvania/bradford,1,84,1.19%,11.27
https://www.nailartai.app/nail-salons/pennsylvania/hanover/p-l-nails,1,84,1.19%,14.79
https://nailartai.app/nail-salons/pennsylvania/willow-grove/jm-fancy-nails-spa,1,84,1.19%,19.62
https://www.nailartai.app/nail-salons/michigan/muskegon/kim-nail-spa,1,83,1.2%,7.99
https://nailartai.app/nail-salons/michigan/romulus/lovely-nails,1,83,1.2%,11.01
https://nailartai.app/nail-salons/north-carolina/durham,1,83,1.2%,20.19
https://www.nailartai.app/nail-salons/michigan/ypsilanti/colorful-nails,1,82,1.22%,7.87
https://www.nailartai.app/nail-salons/michigan/ionia/creative-edge-hair-nails,1,82,1.22%,9.71
https://www.nailartai.app/nail-salons/pennsylvania/levittown/c-j-nails-iii,1,81,1.23%,8.11
https://nailartai.app/nail-salons/michigan/adrian/k-nails,1,81,1.23%,8.48
https://www.nailartai.app/nail-salons/michigan/ann-arbor/natural-nails,1,81,1.23%,8.98
https://www.nailartai.app/nail-salons/iowa/adair/n-nails,1,81,1.23%,10.53
https://www.nailartai.app/nail-salons/alabama/troy/trojan-nails,1,81,1.23%,11.65
https://nailartai.app/nail-salons/pennsylvania/butler/essence-nails,1,81,1.23%,13.81
https://www.nailartai.app/nail-salons/pennsylvania/new-holland/ava-nail-spa,1,81,1.23%,15.3
https://www.nailartai.app/nail-salons/pennsylvania/york/sisters-nails-spa,1,80,1.25%,6.19
https://nailartai.app/nail-salons/michigan/troy/the-polished-parlour,1,80,1.25%,8.45
https://www.nailartai.app/nail-salons/michigan/east-lansing/infinity-nails-and-spa,1,80,1.25%,10.49
https://nailartai.app/nail-salons/michigan/port-huron/luxe-nails-port-huron,1,80,1.25%,13.3
https://nailartai.app/nail-salons/michigan/escanaba/angel-nails-inside-meijer,1,80,1.25%,13.75
https://nailartai.app/nail-salons/pennsylvania/hermitage/darlene-nails-fancy-nails,1,79,1.27%,8.91
https://www.nailartai.app/nail-salons/pennsylvania/yardley/soft-walk-academy,1,79,1.27%,9.43
https://www.nailartai.app/nail-salons/pennsylvania/leechburg/tisha-s-salon-spa-bar-llc,1,79,1.27%,13.68
https://www.nailartai.app/nail-salons/pennsylvania/wyomissing/ombre-nails-spa,1,78,1.28%,7.78
https://nailartai.app/nail-salons/montana/great-falls/legacy-nail-spa,1,78,1.28%,8.21
https://nailartai.app/nail-salons/virginia/appomattox,1,78,1.28%,10.14
https://nailartai.app/nail-salons/florida/jacksonville/alina-nail-studio-russian-manicure,1,78,1.28%,10.76
https://www.nailartai.app/nail-salons/pennsylvania/johnstown/lush-salon-spa,1,78,1.28%,18.38
https://www.nailartai.app/nail-salons/pennsylvania/hazleton/stephanie-almeida-salon-llc,1,77,1.3%,5.86
https://nailartai.app/nail-salons/michigan/traverse-city/myspa,1,77,1.3%,7.44
https://www.nailartai.app/nail-salons/alabama/foley/modern-nail-spa,1,77,1.3%,7.44
https://www.nailartai.app/nail-salons/pennsylvania/uniontown/venetian-nail-spa,1,77,1.3%,9.79
https://www.nailartai.app/nail-salons/pennsylvania/kittanning,1,77,1.3%,14.71
https://www.nailartai.app/nail-salons/georgia/augusta/rainbow-nails-15-off-new-customer,1,77,1.3%,21.23
https://nailartai.app/nail-salons/alabama/mobile/luxury-nail-bar,1,76,1.32%,7.86
https://www.nailartai.app/nail-salons/pennsylvania/lansdale/colour-nails-and-spa,1,76,1.32%,8.93
https://nailartai.app/nail-salons/michigan/ann-arbor/paint-nail-bar,1,76,1.32%,10.43
https://nailartai.app/nail-salons/colorado/fort-collins/nailbar-co,1,76,1.32%,12.21
https://nailartai.app/nail-salons/michigan/bay-city/world-nails,1,76,1.32%,12.63
https://nailartai.app/nail-salons/illinois/naperville/kissnailbar,1,76,1.32%,15.51
https://nailartai.app/nail-salons/alabama/trussville,1,76,1.32%,24.63
https://nailartai.app/nail-salons/massachusetts/adams/image-nails,1,75,1.33%,6.43
https://nailartai.app/nail-salons/michigan/farmington-hills/orchard-nail-salon,1,75,1.33%,7.85
https://nailartai.app/nail-salons/michigan/birmingham/galaxy-nail-spa,1,75,1.33%,10.97
https://www.nailartai.app/nail-salons/pennsylvania/pottstown/new-image-nail,1,75,1.33%,15.13
https://www.nailartai.app/nail-salons/michigan/ann-arbor/nail-bar,1,75,1.33%,15.87
https://www.nailartai.app/nail-salons/pennsylvania/clearfield/tan-zone,1,74,1.35%,8.42
https://www.nailartai.app/nail-salons/illinois/chicago/underground-nail-art,1,74,1.35%,9
https://nailartai.app/nail-salons/kansas/wichita/ul-nails-spa,1,74,1.35%,9.28
https://nailartai.app/nail-salons/michigan/brighton/happy-nails,1,74,1.35%,9.5
https://www.nailartai.app/nail-salons/pennsylvania/allentown/la-nails-of-allentown,1,74,1.35%,13.46
https://nailartai.app/nail-salons/pennsylvania/shavertown/eva-nails,1,73,1.37%,7.14
https://www.nailartai.app/nail-salons/north-carolina/raleigh/mood-raleigh,1,73,1.37%,11.63
https://www.nailartai.app/nail-salons/michigan/davison/lee-nails-spa,1,73,1.37%,11.67
https://www.nailartai.app/nail-salons/pennsylvania/carlisle/m-d-nails-spa-llc,1,73,1.37%,14.56
https://www.nailartai.app/nail-salons/georgia/atlanta/nails-studio,1,73,1.37%,32.3
https://www.nailartai.app/nail-salons/pennsylvania/catasauqua/apsara-nail-studio-llc,1,72,1.39%,8.71
https://www.nailartai.app/nail-salons/pennsylvania/stroudsburg/la-vita-nails-spa,1,72,1.39%,8.82
https://nailartai.app/nail-salons/tennessee/knoxville/noire-nails-lashes-bar,1,72,1.39%,9.82
https://nailartai.app/nail-salons/michigan/east-lansing/topnails-spa,1,72,1.39%,10.75
https://www.nailartai.app/nail-salons/ohio/akron/lila-s-nails-spa,1,72,1.39%,13.88
https://nailartai.app/nail-salons/michigan/iron-mountain/happy-nails,1,71,1.41%,7.72
https://www.nailartai.app/nail-salons/pennsylvania/morrisville/x-nail-bar,1,71,1.41%,7.85
https://www.nailartai.app/nail-salons/illinois/aurora/happy-nails-spa,1,71,1.41%,10.23
https://nailartai.app/nail-salons/california/san-mateo/jj-nails,1,71,1.41%,10.49
https://nailartai.app/nail-salons/new-york/buffalo/million-nails,1,71,1.41%,13.08
https://www.nailartai.app/nail-salons/michigan/birmingham/venus-nail-spa,1,71,1.41%,14.86
https://www.nailartai.app/nail-salons/pennsylvania/ambler/coco-ivy-nails-spa,1,70,1.43%,8.6
https://nailartai.app/nail-salons/alaska/fairbanks/wow-head-spa,1,70,1.43%,9.77
https://nailartai.app/nail-salons/pennsylvania/doylestown/nail-define-spa,1,70,1.43%,13.09
https://www.nailartai.app/nail-salons/georgia/columbus/pamper-nail-bar,1,70,1.43%,13.09
https://www.nailartai.app/nail-salons/pennsylvania/muncy/future-nails-spa,1,70,1.43%,18.59
https://nailartai.app/nail-salons/michigan/novi,1,70,1.43%,26.96
https://www.nailartai.app/nail-salons/michigan/walled-lake/bella-nails-spa,1,69,1.45%,10.57
https://nailartai.app/nail-salons/michigan/escanaba/mane-headquarters,1,69,1.45%,12.67
https://nailartai.app/nail-salons/west-virginia/morgantown,1,69,1.45%,26.81
https://nailartai.app/nail-salons/california/south-san-francisco/lily-nail-care-2,1,68,1.47%,6.81
https://nailartai.app/nail-salons/california/san-anselmo/divine-spa,1,68,1.47%,9.62
https://nailartai.app/nail-salons/florida/altamonte-springs/glow-nails,1,68,1.47%,9.87
https://nailartai.app/nail-salons/michigan/zeeland/dior-nail-bar-best-nail-salon-in-holland,1,68,1.47%,10.34
https://nailartai.app/nail-salons/michigan/grosse-pointe/m-le-nails-spa-lash,1,68,1.47%,10.49
https://nailartai.app/nail-salons/texas/allen/adore-nail-spa-new-customer-15-off-or-10-combo-for-service-55-usecode-ocfes5-nail-salon-in-allen,1,67,1.49%,7.36
https://www.nailartai.app/nail-salons/michigan/frankenmuth/kheila-s-beauty-boutique-formerly-main-street-tanning-and-nail-salon,1,67,1.49%,7.36
https://nailartai.app/nail-salons/california/redondo-beach/victoria-s-russian-manicure,1,67,1.49%,8.1
https://www.nailartai.app/nail-salons/pennsylvania/hatfield/luxicure,1,67,1.49%,9.28
https://www.nailartai.app/nail-salons/michigan/alpena/shear-envy-salon,1,67,1.49%,15.6
https://nailartai.app/nail-salons/california/azusa/reborn-lounge,1,66,1.52%,6.65
https://www.nailartai.app/nail-salons/michigan/riverview/pam-nails-studio,1,66,1.52%,9.27
https://www.nailartai.app/nail-salons/pennsylvania/lebanon/mystique-nails-beauty-studio,1,66,1.52%,9.39
https://www.nailartai.app/nail-salons/michigan/flint/leo-s-nail,1,66,1.52%,9.42
https://nailartai.app/nail-salons/michigan/alpena/sanctuary-nails,1,66,1.52%,14.03
https://www.nailartai.app/nail-salons/pennsylvania/bangor/doctor-nails-spa,1,66,1.52%,17.62
https://www.nailartai.app/nail-salons/michigan/alpena/nails-by-laura,1,66,1.52%,19.38
https://nailartai.app/nail-salons/delaware/seaford/three-diamond-nails,1,65,1.54%,7.26
https://nailartai.app/nail-salons/colorado/fort-collins/artisan-nails-lash-brow,1,65,1.54%,8.43
https://www.nailartai.app/nail-salons/pennsylvania/murrysville/rive-nail-skin-care-spa,1,65,1.54%,9.12
https://www.nailartai.app/nail-salons/michigan/traverse-city/tips-and-toes,1,65,1.54%,9.77
https://www.nailartai.app/nail-salons/virginia/alexandria/nothing-in-between-studio-alexandria,1,65,1.54%,10.2
https://nailartai.app/nail-salons/california/larkspur/marlowe,1,65,1.54%,11.58
https://www.nailartai.app/nail-salons/michigan/cheboygan/hair-design-shine-boutique,1,65,1.54%,12.49
https://www.nailartai.app/nail-salons/pennsylvania/jenkintown/noble-nail-salon,1,64,1.56%,9.66
https://nailartai.app/nail-salons/michigan/adrian/nicole-s-salon-spa-llc,1,64,1.56%,11.22
https://www.nailartai.app/nail-salons/pennsylvania/ashland/the-pink-ivory-salon,1,63,1.59%,8.62
https://www.nailartai.app/nail-salons/pennsylvania/yardley/u-s-fashion-nails,1,63,1.59%,10.27
https://nailartai.app/nail-salons/pennsylvania/morrisville,1,63,1.59%,11.48
https://www.nailartai.app/nail-salons/wisconsin/appleton/pristine-nails-spa-by-mai,1,62,1.61%,7.27
https://www.nailartai.app/nail-salons/pennsylvania/new-holland/shine-nails-spa-of-leola,1,62,1.61%,8.08
https://www.nailartai.app/nail-salons/pennsylvania/phoenixville/advanced-nail-care,1,62,1.61%,8.82
https://nailartai.app/nail-salons/wisconsin/appleton/crystal-nails-spa,1,62,1.61%,9.81
https://www.nailartai.app/nail-salons/pennsylvania/york/perfect-nails-of-pa-llc,1,62,1.61%,9.95
https://nailartai.app/nail-salons/michigan/sterling-heights/jade-nails,1,62,1.61%,10.16
https://www.nailartai.app/nail-salons/pennsylvania/pottsville,1,62,1.61%,11.44
https://nailartai.app/nail-salons/pennsylvania/media/trendy-nails,1,61,1.64%,8.59
https://nailartai.app/nail-salons/ohio/akron/anthony-vince-nail-spa,1,61,1.64%,8.85
https://nailartai.app/nail-salons/pennsylvania/danville/royal-nails,1,61,1.64%,9.2
https://nailartai.app/nail-salons/michigan/houghton-lake,1,61,1.64%,10.15
https://nailartai.app/nail-salons/pennsylvania/levittown,1,61,1.64%,13.57
https://nailartai.app/nail-salons/virginia/alexandria/casabella-nail-salon,1,61,1.64%,15.2
https://www.nailartai.app/nail-salons/pennsylvania/media/villa-of-colors-nail-bar,1,60,1.67%,8.38
https://nailartai.app/nail-salons/indiana/fort-wayne/nail-love-and-spa,1,60,1.67%,9.02
https://nailartai.app/nail-salons/michigan/livonia/lily-s-nails,1,60,1.67%,9.53
https://nailartai.app/nail-salons/pennsylvania/warminster/blooming-nails-spa,1,60,1.67%,10.27
https://nailartai.app/nail-salons/california/san-francisco/k-k-nail-studio,1,60,1.67%,10.47
https://nailartai.app/nail-salons/pennsylvania/coatesville,1,60,1.67%,11.78
https://nailartai.app/nail-salons/pennsylvania/shippensburg/pa-nails,1,60,1.67%,12
https://nailartai.app/nail-salons/pennsylvania/kittanning/moxie-beauty-art-studio,1,60,1.67%,14.05
https://nailartai.app/nail-salons/louisiana/abbeville/top-nails-and-spa,1,59,1.69%,6.19
https://nailartai.app/nail-salons/pennsylvania/jenkintown/salon-tiffany,1,59,1.69%,9.75
https://nailartai.app/nail-salons/alaska/anchorage/leila-nails-it,1,59,1.69%,11.12
https://nailartai.app/nail-salons/michigan/wyandotte/the-dotte-beauty,1,59,1.69%,11.53
https://www.nailartai.app/nail-salons/illinois/aurora/ajita-nails-and-spa-north-aurora,1,59,1.69%,14.42
https://www.nailartai.app/nail-salons/michigan/woodhaven/luxy-nails-spa,1,58,1.72%,6.86
https://www.nailartai.app/nail-salons/pennsylvania/red-lion/supreme-spa-nails,1,58,1.72%,7.52
https://nailartai.app/nail-salons/pennsylvania/shippensburg/pd-nails,1,58,1.72%,8.19
https://nailartai.app/nail-salons/pennsylvania/bradford/v-nails,1,58,1.72%,8.26
https://www.nailartai.app/nail-salons/pennsylvania/york/v3-nails,1,58,1.72%,8.59
https://www.nailartai.app/nail-salons/pennsylvania/shavertown/age-of-innocence,1,58,1.72%,10.31
https://nailartai.app/nail-salons/pennsylvania/easton/kiss-nails,1,58,1.72%,10.53
https://nailartai.app/nail-salons/texas/abilene/sophora-nails-spa,1,58,1.72%,10.55
https://nailartai.app/nail-salons/pennsylvania/lansdale/le-vi-nail-lash,1,58,1.72%,10.91
https://www.nailartai.app/nail-salons/pennsylvania/kingston/jayline-beauty-salon,1,57,1.75%,3.53
https://nailartai.app/nail-salons/new-mexico/anthony/velia-s-hair-salon,1,57,1.75%,5.14
https://www.nailartai.app/nail-salons/michigan/reed-city/blown-away-salon,1,57,1.75%,7.3
https://www.nailartai.app/nail-salons/georgia/columbus/sassy-nails-spa,1,57,1.75%,9.3
https://nailartai.app/nail-salons/delaware/georgetown/jade-nails,1,57,1.75%,10.37
https://www.nailartai.app/nail-salons/iowa/ames/katie-s-nails,1,57,1.75%,11.18
https://nailartai.app/nail-salons/michigan/east-lansing/s-nail-lounge,1,57,1.75%,11.56
https://nailartai.app/nail-salons/michigan/kentwood/gr-nail-spa,1,57,1.75%,12.84
https://nailartai.app/nail-salons/california/rancho-cucamonga,1,57,1.75%,19.91
https://nailartai.app/nail-salons/north-carolina/apex/luxor-nail-spa,1,56,1.79%,9.21
https://nailartai.app/nail-salons/delaware/newark/nails-haven,1,56,1.79%,9.27
https://nailartai.app/nail-salons/michigan/wyoming/tk-nails-head-spa-llc,1,56,1.79%,10.66
https://www.nailartai.app/nail-salons/pennsylvania/catasauqua/bethlehem-nail-spa,1,56,1.79%,11.38
https://www.nailartai.app/nail-salons/pennsylvania/honesdale/infinity-salon-spa,1,56,1.79%,13.12
https://www.nailartai.app/nail-salons/delaware/blades/three-diamond-nails,1,55,1.82%,6.44
https://www.nailartai.app/nail-salons/pennsylvania/beaver/suri-nails,1,55,1.82%,8.82
https://www.nailartai.app/nail-salons/michigan/big-rapids/beachside-nails-and-spa,1,55,1.82%,10.51
https://www.nailartai.app/nail-salons/pennsylvania/cranberry-township/ritual-nail-studio,1,55,1.82%,10.73
https://nailartai.app/nail-salons/maryland/annapolis/candy-nail-bar,1,55,1.82%,11.18
https://www.nailartai.app/nail-salons/pennsylvania/ambler/the-beauty-institute,1,55,1.82%,11.78
https://www.nailartai.app/nail-salons/pennsylvania/punxsutawney/alicia-s,1,55,1.82%,12.78
https://www.nailartai.app/nail-salons/pennsylvania/ambler/pure-spa,1,55,1.82%,13.18
https://nailartai.app/nail-salons/iowa/ames/nikki-nails,1,55,1.82%,13.75
https://nailartai.app/nail-salons/alabama/clanton/ruby-nails,1,54,1.85%,5.93
https://www.nailartai.app/nail-salons/michigan/grand-blanc/michelle-s-nails-and-spa,1,54,1.85%,6.48
https://www.nailartai.app/nail-salons/pennsylvania/ambler/nexus-nail-spa,1,54,1.85%,8.2
https://www.nailartai.app/nail-salons/georgia/athens/bellagio-nail-bar,1,54,1.85%,8.78
https://nailartai.app/nail-salons/pennsylvania/hanover/l-v-nails-lounge,1,54,1.85%,9
https://nailartai.app/nail-salons/pennsylvania/allentown/christianails,1,54,1.85%,11.39
https://www.nailartai.app/nail-salons/delaware/oak-orchard/lotus-nails-spa,1,54,1.85%,12.22
https://www.nailartai.app/nail-salons/pennsylvania/hershey/my-nails-spa,1,54,1.85%,19.44
https://www.nailartai.app/nail-salons/michigan/birmingham/galaxy-nail-spa,1,53,1.89%,7.51
https://nailartai.app/nail-salons/pennsylvania/hummelstown/wish-nails,1,53,1.89%,7.83
https://www.nailartai.app/nail-salons/pennsylvania/wilkes-barre/x-press-nails,1,53,1.89%,7.92
https://www.nailartai.app/nail-salons/pennsylvania/hazleton,1,53,1.89%,8.36
https://www.nailartai.app/nail-salons/pennsylvania/stroudsburg/dr-nail-and-spa-3,1,53,1.89%,8.53
https://nailartai.app/nail-salons/alabama/trussville/sky-nails,1,53,1.89%,8.62
https://www.nailartai.app/nail-salons/michigan/lapeer/just-nails-spa,1,53,1.89%,8.94
https://nailartai.app/nail-salons/delaware/lewes/ks-nails-spa,1,53,1.89%,9.79
https://www.nailartai.app/nail-salons/michigan/cadillac/top-nails,1,53,1.89%,10.42
https://nailartai.app/nail-salons/pennsylvania/hatfield,1,53,1.89%,16.57
https://www.nailartai.app/nail-salons/michigan/walker/alpine-nails-spa,1,53,1.89%,20.3
https://www.nailartai.app/nail-salons/pennsylvania/mahanoy-city/alexandria-s-salon-day-spa,1,52,1.92%,8.98
https://nailartai.app/nail-salons/pennsylvania/allentown/apsara-nail-studio-llc,1,52,1.92%,9.06
https://www.nailartai.app/nail-salons/wisconsin/appleton/the-nail-boutique,1,52,1.92%,10.08
https://www.nailartai.app/nail-salons/michigan/bay-city/ocean-jasper-wellness,1,52,1.92%,13.4
https://www.nailartai.app/nail-salons/pennsylvania/ardmore/sophia-nails-bryn-mawr,1,52,1.92%,15.63
https://nailartai.app/nail-salons/michigan/wyandotte/nails-by-ashley,1,52,1.92%,16.6
https://nailartai.app/nail-salons/michigan/petoskey/q-nails,1,51,1.96%,6.12
https://nailartai.app/nail-salons/pennsylvania/ephrata/nail-fantasy,1,51,1.96%,8.71
https://nailartai.app/nail-salons/virginia/norfolk/sunny-nail-spa,1,51,1.96%,9.14
https://www.nailartai.app/nail-salons/michigan/troy/instyle-nail-lounge,1,51,1.96%,9.25
https://nailartai.app/nail-salons/new-york/buffalo/modern-nails,1,51,1.96%,10.71
https://nailartai.app/nail-salons/illinois/joliet/queen-nails,1,51,1.96%,11.14
https://nailartai.app/nail-salons/california/pismo-beach/five-star-nails,1,51,1.96%,14.43
https://nailartai.app/nail-salons/georgia/atlanta/salon-five-nails-spa,1,51,1.96%,22.73
https://nailartai.app/nail-salons/pennsylvania/wayne/modern-nail,1,50,2%,6.54
https://nailartai.app/nail-salons/pennsylvania/east-stroudsburg/jc-nails,1,50,2%,6.92
https://www.nailartai.app/nail-salons/delaware/ocean-view/pink-house-nails-by-gioan,1,50,2%,7.46
https://www.nailartai.app/nail-salons/michigan/alma/le-zebra-zalon,1,50,2%,7.88
https://nailartai.app/nail-salons/pennsylvania/state-college/nail-time,1,50,2%,8.62
https://www.nailartai.app/nail-salons/michigan/walled-lake/number-six-nails-salon,1,50,2%,8.64
https://nailartai.app/nail-salons/california/larkspur/a-place-for-nails,1,50,2%,10.8
https://nailartai.app/nail-salons/pennsylvania/fairview/galaxy-nails,1,50,2%,11.32
https://nailartai.app/nail-salons/colorado/fort-collins/t-nails-spa,1,50,2%,11.74
https://www.nailartai.app/nail-salons/michigan/grand-blanc/identity-salon-spa,1,50,2%,12.2
https://nailartai.app/nail-salons/pennsylvania/harleysville/fancy-nails,1,50,2%,12.98
https://nailartai.app/nail-salons/pennsylvania/reading,1,50,2%,15.94
https://www.nailartai.app/nail-salons/pennsylvania/hershey/ln-nails,1,50,2%,16.66
https://nailartai.app/nail-salons/alabama/loxley/nail-decor-spa,1,49,2.04%,7.24
https://nailartai.app/nail-salons/pennsylvania/beaver/by-george-nail-salon,1,49,2.04%,7.41
https://www.nailartai.app/nail-salons/pennsylvania/ardmore/luxury-nails-studio,1,49,2.04%,8.35
https://nailartai.app/nail-salons/pennsylvania/macungie/p-a-sugaring-nail-studio,1,49,2.04%,8.55
https://www.nailartai.app/nail-salons/georgia/columbus/happy-nails-spa,1,49,2.04%,10.65
https://www.nailartai.app/nail-salons/michigan/caledonia/la-nails-spa,1,49,2.04%,12.61
https://nailartai.app/nail-salons/tennessee/knoxville/blum-nail-bar,1,49,2.04%,14.06
https://www.nailartai.app/nail-salons/pennsylvania/allentown/nails-by-stephanie-pediet,1,48,2.08%,6.6
https://nailartai.app/nail-salons/pennsylvania/ford-city/baer-beauty,1,48,2.08%,6.96
https://www.nailartai.app/nail-salons/alaska/fairbanks/queen-nails-and-spa,1,48,2.08%,7.31
https://www.nailartai.app/nail-salons/illinois/aurora/deluxe-nails-2,1,48,2.08%,7.9
https://www.nailartai.app/nail-salons/michigan/cheboygan/le-nail-spa,1,48,2.08%,8.88
https://www.nailartai.app/nail-salons/pennsylvania/west-chester/oriental-nails,1,48,2.08%,9.54
https://nailartai.app/nail-salons/california/orland/muse-studio-inc,1,48,2.08%,9.96
https://www.nailartai.app/nail-salons/pennsylvania/ambler/grace-nail-salon,1,48,2.08%,9.98
https://www.nailartai.app/nail-salons/pennsylvania/monaca/suri-nails,1,48,2.08%,10.04
https://nailartai.app/nail-salons/pennsylvania/harleysville/lnj-nail-spa,1,48,2.08%,11.54
https://nailartai.app/nail-salons/pennsylvania/vandergrift/tisha-s-salon-spa-bar-llc,1,48,2.08%,13.48
https://www.nailartai.app/nail-salons/michigan/niles/royal-nails-spa,1,47,2.13%,6.96
https://www.nailartai.app/nail-salons/michigan/port-huron/hollywood-nails,1,47,2.13%,8.02
https://www.nailartai.app/nail-salons/pennsylvania/horsham/td-nail-lab,1,47,2.13%,8.06
https://www.nailartai.app/nail-salons/california/blythe,1,47,2.13%,9.57
https://www.nailartai.app/nail-salons/pennsylvania/edwardsville/divas,1,47,2.13%,9.68
https://nailartai.app/nail-salons/massachusetts/cambridge/jessica-nails-spa-skin-care,1,47,2.13%,10.43
https://nailartai.app/nail-salons/michigan/marquette/la-nails,1,47,2.13%,10.49
https://nailartai.app/nail-salons/alabama/oxford/nail-galaxy,1,47,2.13%,10.51
https://nailartai.app/nail-salons/pennsylvania/danville/payton-s-place-salon-spa,1,47,2.13%,11.17
https://nailartai.app/nail-salons/pennsylvania/uniontown/organic-nail-bar,1,47,2.13%,11.81
https://www.nailartai.app/nail-salons/pennsylvania/annville/unveil-salon,1,47,2.13%,12.66
https://www.nailartai.app/nail-salons/pennsylvania/whitehall/bellissima-nails,1,47,2.13%,12.72
https://www.nailartai.app/nail-salons/michigan/taylor/deluxe-nail-salon-spa,1,47,2.13%,12.91
https://nailartai.app/nail-salons/michigan/marquette/profiles-in-hair-design,1,46,2.17%,6.87
https://nailartai.app/nail-salons/pennsylvania/strasburg/n-t-nails,1,46,2.17%,7.02
https://www.nailartai.app/nail-salons/ohio/akron/cici-nails-room-independent-nail-tech-by-appointments-only,1,46,2.17%,8.24
https://nailartai.app/nail-salons/california/windsor/nail-bar,1,46,2.17%,10.35
https://nailartai.app/nail-salons/michigan/tecumseh/seasons-salon-spa,1,46,2.17%,10.74
https://www.nailartai.app/nail-salons/pennsylvania/cranberry-township/gloria-nail-and-spa,1,46,2.17%,11.35
https://nailartai.app/nail-salons/michigan/davison/tribellas,1,46,2.17%,12.7
https://www.nailartai.app/nail-salons/pennsylvania/abington/beauty-tiffany-nail-spa,1,46,2.17%,15.2
https://nailartai.app/nail-salons/south-carolina/columbia/am-nail-bar-2-next-to-ross,1,46,2.17%,19.46
https://www.nailartai.app/nail-salons/georgia/atlanta/the-nail-boutique,1,46,2.17%,26.07
https://www.nailartai.app/nail-salons/pennsylvania/shippensburg/pd-nails,1,45,2.22%,6.51
https://www.nailartai.app/nail-salons/pennsylvania/dubois/cab-salon-llc,1,45,2.22%,9.51
https://nailartai.app/nail-salons/california/richvale/herbal-nails-spa-jurupa-valley,1,45,2.22%,12.16
https://www.nailartai.app/nail-salons/pennsylvania/kennett-square/kim-s-nails-and-lashes,1,45,2.22%,19.69
https://www.nailartai.app/nail-salons/california/corcoran,1,44,2.27%,7.91
https://www.nailartai.app/nail-salons/pennsylvania/archbald/meixiang-spa,1,44,2.27%,8.2
https://nailartai.app/nail-salons/pennsylvania/pottsville/sun-seekers-tanning-and-nail-center,1,44,2.27%,8.86
https://www.nailartai.app/nail-salons/alaska/anchorage/alluring-nails,1,44,2.27%,9.07
https://nailartai.app/nail-salons/pennsylvania/bethlehem/enjoy-nail-spa,1,44,2.27%,9.09
https://nailartai.app/nail-salons/pennsylvania/warminster/knk-nails-spa-warminster-pa,1,44,2.27%,12.52
https://nailartai.app/nail-salons/pennsylvania/berwick/color-me-crazy-salon,1,44,2.27%,12.91
https://nailartai.app/nail-salons/michigan/traverse-city/t-c-nails,1,44,2.27%,13.2
https://www.nailartai.app/nail-salons/pennsylvania/latrobe/envy-nails-spa,1,44,2.27%,17.2
https://nailartai.app/nail-salons/michigan/owosso/willow-and-co-spa,1,44,2.27%,18.07
https://www.nailartai.app/nail-salons/pennsylvania/johnstown/beauty-art,1,44,2.27%,18.5
https://www.nailartai.app/nail-salons/pennsylvania/exton/nail-boutique,1,44,2.27%,23.5
https://www.nailartai.app/nail-salons/michigan/royal-oak/nail-spa-725-e-9-mile-rd-hilton-rd,1,43,2.33%,5.51
https://nailartai.app/nail-salons/pennsylvania/doylestown/mantra-nails-lounge,1,43,2.33%,7.72
https://www.nailartai.app/nail-salons/michigan/iron-mountain/nail-design,1,43,2.33%,8.98
https://nailartai.app/nail-salons/pennsylvania/warminster/tips-toes-nail-spa-18974,1,43,2.33%,9.74
https://www.nailartai.app/nail-salons/pennsylvania/perkasie/sage-bliss-aesthetics,1,43,2.33%,9.74
https://nailartai.app/nail-salons/michigan/taylor/lovely-nails,1,43,2.33%,10.47
https://www.nailartai.app/nail-salons/michigan/saginaw/angel-nails-saginaw,1,43,2.33%,11.21
https://nailartai.app/nail-salons/pennsylvania/state-college,1,43,2.33%,11.86
https://www.nailartai.app/nail-salons/pennsylvania/old-forge/envy-nails-in-pittston,1,42,2.38%,7.9
https://www.nailartai.app/nail-salons/virginia/altavista/le-s-nails,1,42,2.38%,8.62
https://www.nailartai.app/nail-salons/pennsylvania/shippensburg/color-expressions-nail-salon-llc,1,42,2.38%,9.6
https://nailartai.app/nail-salons/california/mission-viejo/happy-nails-and-spa,1,42,2.38%,9.83
https://www.nailartai.app/nail-salons/alabama/jasper/mechelle-s-nails,1,42,2.38%,9.95
https://nailartai.app/nail-salons/michigan/flat-rock/my-salon-inc,1,42,2.38%,10.93
https://nailartai.app/nail-salons/michigan/woodhaven/nail-garden-salon-spa,1,42,2.38%,11.45
https://nailartai.app/nail-salons/pennsylvania/oxford/c-t-nails,1,42,2.38%,13.6
https://www.nailartai.app/nail-salons/florida/tampa/v-nail-and-beauty-tampa,1,42,2.38%,15.1
https://www.nailartai.app/nail-salons/pennsylvania/hawley/carmella-sarah-salon,1,41,2.44%,7.73
https://nailartai.app/nail-salons/michigan/niles/beauty-bar-201-llc,1,41,2.44%,8.68
https://nailartai.app/nail-salons/pennsylvania/mckeesport/amor-bellezza-salon,1,41,2.44%,8.9
https://nailartai.app/nail-salons/michigan/wyandotte/lush-hair-lab,1,41,2.44%,9.66
https://www.nailartai.app/nail-salons/pennsylvania/catasauqua/nailplay-studio,1,41,2.44%,11.24
https://nailartai.app/nail-salons/ohio/akron/rose-nails-in-green,1,41,2.44%,11.93
https://www.nailartai.app/nail-salons/pennsylvania/hatfield/320-nail-studio,1,41,2.44%,12.2
https://nailartai.app/nail-salons/california/paradise,1,41,2.44%,13.71
https://nailartai.app/nail-salons/illinois/joliet,1,41,2.44%,16.85
https://nailartai.app/nail-salons/alabama/madison,1,41,2.44%,46.51
https://www.nailartai.app/nail-salons/california/anaheim/viva-nails-lashes-35-off,1,40,2.5%,5.72
https://www.nailartai.app/nail-salons/idaho/ammon/elusive-boutique-studio,1,40,2.5%,7.2
https://nailartai.app/nail-salons/ohio/columbus/meraki-nail-studio,1,40,2.5%,7.6
https://nailartai.app/nail-salons/delaware/slaughter-beach/centifola-nails-spa,1,40,2.5%,8.38
https://www.nailartai.app/nail-salons/pennsylvania/sunbury/lasting-impressions-beauty-salon-llc,1,40,2.5%,8.62
https://nailartai.app/nail-salons/south-carolina/anderson/blossom-fig-nail-salon,1,40,2.5%,9.43
https://nailartai.app/nail-salons/alabama/muscle-shoals/kevin-s-nails,1,40,2.5%,13.75
https://nailartai.app/nail-salons/south-carolina/north-charleston/nail-inspiration-studios-llc,1,40,2.5%,14.85
https://nailartai.app/nail-salons/delaware/pike-creek/posh-polished-nail-salon-spa,1,40,2.5%,15.45
https://www.nailartai.app/nail-salons/michigan/grandville/elysian-nail-lounge,1,39,2.56%,5.21
https://nailartai.app/nail-salons/ohio/cleveland/aesthetic-beauty-studio,1,39,2.56%,8.36
https://www.nailartai.app/nail-salons/florida/fort-lauderdale/nailed-it-diy-studio-fort-lauderdale-creatively-you-training-team,1,39,2.56%,8.69
https://www.nailartai.app/nail-salons/massachusetts/acushnet/spider-king-nails-spa,1,39,2.56%,9.26
https://www.nailartai.app/nail-salons/pennsylvania/lansdale/inter-nails-day-spa,1,39,2.56%,9.38
https://www.nailartai.app/nail-salons/pennsylvania/shamokin/studio-207,1,39,2.56%,9.46
https://nailartai.app/christmas/french-christmas-nude-red-gold-lights-christmas-nails-9ecf28da,1,39,2.56%,11.41
https://www.nailartai.app/nail-salons/pennsylvania/coatesville/hot-nail-salon,1,39,2.56%,12.23
https://www.nailartai.app/nail-salons/pennsylvania/tunkhannock/shabby-shek-salon-boutique,1,39,2.56%,12.95
https://nailartai.app/nail-salons/california/palmdale/candy-s-nails-spa,1,39,2.56%,16.54
https://nailartai.app/nail-salons/california/south-san-francisco/tishavi-nail-studio,1,38,2.63%,5.71
https://www.nailartai.app/nail-salons/arizona/apache-junction/j-v-nails-spa,1,38,2.63%,7.08
https://nailartai.app/nail-salons/michigan/ann-arbor/a2-nails-spa,1,38,2.63%,9.13
https://nailartai.app/nail-salons/pennsylvania/new-brighton,1,38,2.63%,9.53
https://www.nailartai.app/nail-salons/michigan/grand-blanc/sis-bros-salon,1,38,2.63%,9.76
https://nailartai.app/nail-salons/california/santa-clarita/masha-nails-spa,1,38,2.63%,10.08
https://nailartai.app/nail-salons/california/roseville/my-time-salon,1,38,2.63%,10.24
https://www.nailartai.app/nail-salons/michigan/east-lansing/skin-studio-211-east-lansing,1,38,2.63%,10.34
https://www.nailartai.app/nail-salons/pennsylvania/archbald/nails-by-alex,1,38,2.63%,11.95
https://nailartai.app/nail-salons/alabama/gadsden/star-tan-nails,1,38,2.63%,13.39
https://nailartai.app/nail-salons/colorado/alamosa/vip-salon-spa,1,38,2.63%,13.74
https://www.nailartai.app/nail-salons/pennsylvania/washington,1,38,2.63%,14.08
https://www.nailartai.app/nail-salons/michigan/west-branch/debbie-s-magic-mirror,1,37,2.7%,6.95
https://www.nailartai.app/nail-salons/michigan/lincoln-park/beauty-nails,1,37,2.7%,7.62
https://nailartai.app/nail-salons/california/laytonville/bloom-nails-spa-non-toxic-nail-salon,1,37,2.7%,8.76
https://nailartai.app/nail-salons/georgia/columbus/paris-nails-spa,1,37,2.7%,10.73
https://www.nailartai.app/nail-salons/pennsylvania/derry/comfy-cozy-nails,1,37,2.7%,11.05
https://nailartai.app/nail-salons/michigan/lincoln-park/noemi-studios,1,37,2.7%,11.3
https://www.nailartai.app/nail-salons/alaska/anchorage/my-my-nails,1,37,2.7%,11.49
https://www.nailartai.app/nail-salons/pennsylvania/whitehall/golden-spa-and-nails,1,37,2.7%,12.73
https://www.nailartai.app/nail-salons/pennsylvania/north-wales/r-r-nail-spa,1,37,2.7%,13.05
https://nailartai.app/nail-salons/new-jersey/aberdeen/eden-nails,1,37,2.7%,14.32
https://www.nailartai.app/nail-salons/pennsylvania/dubois/nail-time,1,37,2.7%,15.14
https://nailartai.app/nail-salons/mississippi/hattiesburg,1,37,2.7%,19.08
https://www.nailartai.app/nail-salons/michigan/sault-ste-marie/royal-nails-in-front-of-parkers-hardware,1,36,2.78%,4.22
https://nailartai.app/nail-salons/michigan/adrian/jessee-salon-group,1,36,2.78%,6.58
https://nailartai.app/nail-salons/california/lincoln/the-beauty-lounge,1,36,2.78%,7.08
https://nailartai.app/nail-salons/california/san-mateo/l-chic-nails,1,36,2.78%,8.89
https://www.nailartai.app/nail-salons/pennsylvania/shamokin/hot-nail-salon,1,36,2.78%,9.08
https://nailartai.app/nail-salons/colorado/fort-collins/rs-nails-beauty-studio,1,36,2.78%,10
https://nailartai.app/nail-salons/pennsylvania/johnstown,1,36,2.78%,10.72
https://www.nailartai.app/nail-salons/michigan/davison/industry-beauty-llc,1,36,2.78%,11.31
https://nailartai.app/nail-salons/new-york/rochester/nv-nails-inc,1,36,2.78%,11.83
https://www.nailartai.app/nail-salons/michigan/jackson,1,36,2.78%,17.97
https://www.nailartai.app/nail-salons/california/alhambra/c-star-nails,1,35,2.86%,6.17
https://www.nailartai.app/nail-salons/illinois/chicago/nail-art-by-naz,1,35,2.86%,6.31
https://www.nailartai.app/nail-salons/michigan/ionia/salon-6-spa-wellness,1,35,2.86%,7.57
https://nailartai.app/nail-salons/pennsylvania/philadelphia/mai-lashes-nail-spa,1,35,2.86%,7.86
https://www.nailartai.app/nail-salons/pennsylvania/bangor/j-nails,1,35,2.86%,8.29
https://nailartai.app/nail-salons/delaware/newport/new-look-nail-salon,1,35,2.86%,8.54
https://nailartai.app/nail-salons/pennsylvania/state-college/zen-nails,1,35,2.86%,9.6
https://www.nailartai.app/nail-salons/pennsylvania/whitehall/unique-nails,1,35,2.86%,10.23
https://www.nailartai.app/nail-salons/michigan/whitehall/hooked-on-hair,1,35,2.86%,12
https://www.nailartai.app/nail-salons/michigan/novi/s-k-nail-spa,1,35,2.86%,13.17
https://nailartai.app/nail-salons/pennsylvania/lewisburg/advanced-skin-care-spa,1,35,2.86%,13.77
https://nailartai.app/nail-salons/alabama/anniston,1,35,2.86%,16.29
https://nailartai.app/nail-salons/south-carolina/north-charleston/nails-so-dep-rivers-ave,1,35,2.86%,16.51
https://nailartai.app/nail-salons/pennsylvania/phoenixville/top-nails-and-spa,1,35,2.86%,21.6
https://nailartai.app/nail-salons/new-york/syracuse/new-image-nail-salon,1,35,2.86%,22.06
https://nailartai.app/nail-salons/pennsylvania/levittown/your-best-nails-pa,1,34,2.94%,5.41
https://nailartai.app/nail-salons/california/quincy/halo,1,34,2.94%,7.06
https://nailartai.app/nail-salons/georgia/alpharetta/julie-nails-nail-salon-alpharetta-ga-soon-to-be-hidden-gem-nail-spa,1,34,2.94%,7.41
https://www.nailartai.app/nail-salons/pennsylvania/souderton/elegant-nails-by-laura,1,34,2.94%,7.44
https://www.nailartai.app/nail-salons/illinois/chicago/luxo-nail-spa-avondale,1,34,2.94%,8.59
https://www.nailartai.app/nail-salons/pennsylvania/mcsherrystown/nails-spa,1,34,2.94%,8.94
https://nailartai.app/nail-salons/michigan/taylor/rose-nails-spa,1,34,2.94%,9.18
https://www.nailartai.app/nail-salons/pennsylvania/shenandoah/kay-lex-s-beauty-salon,1,34,2.94%,9.21
https://www.nailartai.app/nail-salons/pennsylvania/shenandoah/d-j-beauty-salon,1,34,2.94%,9.26
https://nailartai.app/nail-salons/colorado/aurora/first-class-nails-and-lash,1,34,2.94%,10.35
https://www.nailartai.app/nail-salons/michigan/wyandotte/nails-by-ashley,1,34,2.94%,12.15
https://www.nailartai.app/nail-salons/pennsylvania/dillsburg/j-j-nail-salon,1,34,2.94%,13.21
https://nailartai.app/nail-salons/pennsylvania/philadelphia/lacquer-lounge,1,34,2.94%,24.44
https://www.nailartai.app/nail-salons/michigan/jackson/the-annex-collective,1,33,3.03%,5.58
https://www.nailartai.app/nail-salons/michigan/ann-arbor/that-1-nail-girl-llc,1,33,3.03%,6
https://nailartai.app/nail-salons/alabama/fairhope/nail-palace,1,33,3.03%,7.15
https://nailartai.app/nail-salons/south-carolina/columbia/anella-nail-studio,1,33,3.03%,8.03
https://nailartai.app/nail-salons/michigan/jackson/le-nail,1,33,3.03%,8.3
https://www.nailartai.app/nail-salons/michigan/owosso/the-yellow-door-salon,1,33,3.03%,9.42
https://www.nailartai.app/nail-salons/pennsylvania/spring-grove/424-nail-studios,1,33,3.03%,9.42
https://nailartai.app/nail-salons/new-york/rochester/angel-nails,1,33,3.03%,9.67
https://www.nailartai.app/nail-salons/michigan/canton/ashley-nails,1,33,3.03%,9.67
https://nailartai.app/nail-salons/pennsylvania/easton/luxy-spa-nails,1,33,3.03%,10.09
https://www.nailartai.app/nail-salons/alabama/huntsville/cirage-nails-spa,1,33,3.03%,10.88
https://www.nailartai.app/nail-salons/michigan/marquette/la-nails,1,33,3.03%,12.15
https://nailartai.app/nail-salons/pennsylvania/abington/jenkintown-nail-spa,1,33,3.03%,12.61
https://nailartai.app/nail-salons/california/beverly-hills/chi-studio,1,33,3.03%,12.76
https://www.nailartai.app/nail-salons/pennsylvania/macungie/nails-by-stephanie-pediet,1,33,3.03%,15.97
https://www.nailartai.app/nail-salons/pennsylvania/lancaster/gem-nails-spa,1,33,3.03%,17.94
https://nailartai.app/nail-salons/louisiana/alexandria/happy-nails,1,32,3.12%,6
https://nailartai.app/nail-salons/california/fortuna/cindy-s-styling-center,1,32,3.12%,7.19
https://nailartai.app/nail-salons/michigan/westland/elle-nail-spa,1,32,3.12%,7.44
https://nailartai.app/nail-salons/west-virginia/morgantown/fantasy-nail,1,32,3.12%,7.62
https://www.nailartai.app/nail-salons/delaware/blades/aura-nail,1,32,3.12%,8.06
https://nailartai.app/nail-salons/alabama/anniston/nails-plus,1,32,3.12%,8.19
https://nailartai.app/nail-salons/pennsylvania/limerick/eden-nails,1,32,3.12%,10.09
https://nailartai.app/nail-salons/california/apple-valley/alvin-s-nails-and-spa,1,32,3.12%,10.25
https://nailartai.app/nail-salons/pennsylvania/doylestown/jessica-spa,1,32,3.12%,10.41
https://www.nailartai.app/nail-salons/pennsylvania/annville/envy-hair-nail-and-tanning-studio,1,32,3.12%,10.78
https://nailartai.app/nail-salons/florida/apollo-beach/monets-nail-studio,1,32,3.12%,12.19
https://www.nailartai.app/nail-salons/pennsylvania/lancaster/tp-nails-spa,1,32,3.12%,14.16
https://nailartai.app/nail-salons/pennsylvania/allentown/splash-for-nails-llc,1,32,3.12%,14.41
https://www.nailartai.app/nail-salons/alaska/anchorage/marisa-s-nail-salon,1,31,3.23%,6.29
https://nailartai.app/nail-salons/pennsylvania/pittston/k-nail,1,31,3.23%,7.55
https://nailartai.app/nail-salons/pennsylvania/downingtown/pro-nails,1,31,3.23%,8.16
https://nailartai.app/nail-salons/california/highland/slayy-nails-beauty-bar,1,31,3.23%,9.19
https://nailartai.app/nail-salons/california/bermuda-dunes/creation-nails-spa,1,31,3.23%,9.45
https://nailartai.app/nail-salons/california/leggett/tan-vy-nails-spa,1,31,3.23%,9.48
https://nailartai.app/nail-salons/michigan/tawas-city/best-little-hair-house-in-tawas,1,31,3.23%,10.42
https://www.nailartai.app/nail-salons/pennsylvania/scranton/synergy-salon-and-spa,1,31,3.23%,11.29
https://www.nailartai.app/nail-salons/ohio/akron/rose-nails-waterloo-rd,1,31,3.23%,12.16
https://nailartai.app/nail-salons/michigan/alpena/bella-u-salon,1,31,3.23%,12.19
https://www.nailartai.app/nail-salons/michigan/traverse-city/pavlova-spa-salon,1,31,3.23%,12.26
https://nailartai.app/nail-salons/california/fortuna/allure-day-spa,1,31,3.23%,13.71
https://nailartai.app/nail-salons/pennsylvania/east-stroudsburg/la-vita-nails-spa,1,31,3.23%,13.81
https://www.nailartai.app/nail-salons/pennsylvania/beaver/diamond-nails-bar,1,31,3.23%,15.29
https://www.nailartai.app/nail-salons/michigan/grandville/wilson-nails-spa,1,31,3.23%,15.84
https://www.nailartai.app/nail-salons/michigan/birmingham/susan-hesano-nails,1,30,3.33%,5.07
https://www.nailartai.app/nail-salons/michigan/battle-creek/columbia-nails,1,30,3.33%,5.83
https://www.nailartai.app/nail-salons/delaware/harrington/bunny-s-nail-salon,1,30,3.33%,6
https://nailartai.app/nail-salons/michigan/port-huron/nail-envy-professional-nail-salon,1,30,3.33%,6.43
https://www.nailartai.app/nail-salons/pennsylvania/aliquippa/bella-mia-nails-tanning,1,30,3.33%,6.43
https://www.nailartai.app/nail-salons/michigan/southfield/bliss-nail-spa,1,30,3.33%,7.33
https://www.nailartai.app/nail-salons/pennsylvania/spring-grove/perfectly-pampered-salon,1,30,3.33%,7.6
https://nailartai.app/nail-salons/alabama/anniston/la-vie-nails,1,30,3.33%,8.97
https://nailartai.app/nail-salons/michigan/muskegon/beauty-nails-spa,1,30,3.33%,9.47
https://nailartai.app/nail-salons/michigan/royal-oak/lush-nails-spa,1,30,3.33%,9.47
https://nailartai.app/nail-salons/alabama/fairhope/sns-nails-spa-simple-n-sweet,1,30,3.33%,9.97
https://www.nailartai.app/nail-salons/delaware/middletown/le-s-nails,1,30,3.33%,10.3
https://nailartai.app/nail-salons/michigan/benton-harbor/glossology-a-just-nails-salon,1,30,3.33%,10.37
https://nailartai.app/nail-salons/pennsylvania/spring-grove/heather-s-nails-tanning,1,30,3.33%,10.63
https://www.nailartai.app/nail-salons/north-carolina/raleigh/phantastic-nails-spa,1,30,3.33%,10.9
https://nailartai.app/nail-salons/delaware/milford/studioyou-salon-spa-fitness,1,30,3.33%,12.4
https://www.nailartai.app/nail-salons/pennsylvania/phoenixville/tips-toes-nail-spa,1,30,3.33%,15.33
https://www.nailartai.app/nail-salons/north-carolina/raleigh/vivid-nail-studio,1,30,3.33%,17.37
https://nailartai.app/nail-salons/new-york/new-york/meet-u-nail-spa,1,30,3.33%,23.37
https://nailartai.app/nail-salons/pennsylvania/honesdale/whimsical-nails-and-more-on-slish,1,29,3.45%,3.28
https://nailartai.app/nail-salons/pennsylvania/waynesboro/elite-nails,1,29,3.45%,7.24
https://www.nailartai.app/nail-salons/pennsylvania/ardmore/charming-nails,1,29,3.45%,8.03
https://www.nailartai.app/nail-salons/michigan/grand-blanc/secrets-nail-hair-studio,1,29,3.45%,9.14
https://nailartai.app/nail-salons/california/cutten/nails-by-maria,1,29,3.45%,9.59
https://nailartai.app/nail-salons/pennsylvania/clearfield,1,29,3.45%,9.69
https://nailartai.app/nail-salons/pennsylvania/catasauqua/strands,1,29,3.45%,9.72
https://www.nailartai.app/nail-salons/pennsylvania/oil-city/nails-spa-waxing-or-sonny-s-nails,1,29,3.45%,10.24
https://nailartai.app/nail-salons/north-carolina/raleigh/thi-s-private-nail-studio,1,29,3.45%,11.03
https://nailartai.app/nail-salons/new-jersey/paterson/musa-beauty-nail-lounge,1,29,3.45%,12.9
https://www.nailartai.app/nail-salons/pennsylvania/mahanoy-city/the-pink-ivory-salon,1,29,3.45%,13.1
https://www.nailartai.app/nail-salons/pennsylvania/philadelphia/mabella-s-nail-studio,1,29,3.45%,13.31
https://nailartai.app/nail-salons/pennsylvania/wyomissing/solar-nails,1,29,3.45%,13.93
https://nailartai.app/nail-salons/pennsylvania/hermitage/claudia-s-salon-spa,1,29,3.45%,15.28
https://www.nailartai.app/nail-salons/delaware/milford/centifola-nails-spa,1,29,3.45%,15.52
https://nailartai.app/nail-salons/north-carolina/apex/alpha-nail-spa,1,29,3.45%,18.69
https://www.nailartai.app/nail-salons/alabama/birmingham/glamtropolis-studio-llc,1,28,3.57%,3.46
https://www.nailartai.app/nail-salons/michigan/troy/nail-studio-on-hall-rd-next-to-bestbuy-used-to-be-inside-lakeside-mall,1,28,3.57%,8.04
https://nailartai.app/nail-salons/alabama/jacksonville/kim-s-nails,1,28,3.57%,8.5
https://nailartai.app/nail-salons/pennsylvania/bangor/jms,1,28,3.57%,8.57
https://nailartai.app/nail-salons/delaware/lewes/oanh-s-nails,1,28,3.57%,8.64
https://nailartai.app/nail-salons/tennessee/alamo,1,28,3.57%,8.75
https://nailartai.app/nail-salons/pennsylvania/palmerton/bobbie-jo-s-beauty-bar,1,28,3.57%,9
https://www.nailartai.app/nail-salons/michigan/east-lansing/studio-xo,1,28,3.57%,9.18
https://www.nailartai.app/nail-salons/pennsylvania/quarryville/fancy-nails-salon-spa,1,28,3.57%,10.07
https://www.nailartai.app/nail-salons/pennsylvania/mcsherrystown,1,28,3.57%,11.07
https://www.nailartai.app/nail-salons/michigan/walker/golden-nail-spa,1,28,3.57%,11.39
https://www.nailartai.app/nail-salons/illinois/aurora,1,28,3.57%,11.71
https://nailartai.app/nail-salons/pennsylvania/exton/linda-s-nail-bar,1,28,3.57%,12
https://nailartai.app/nail-salons/california/oakley/city-nails-spa,1,28,3.57%,12.32
https://nailartai.app/nail-salons/pennsylvania/doylestown/signature-spa-at-doylestown,1,28,3.57%,17.36
https://www.nailartai.app/nail-salons/pennsylvania/catasauqua/nails-by-stephanie-pediet,1,27,3.7%,6.11
https://nailartai.app/nail-salons/indiana/amity/tootsie-nails,1,27,3.7%,6.44
https://www.nailartai.app/nail-salons/michigan/taylor/jasnailz-salon-spa-walk-ins-welcome,1,27,3.7%,6.89
https://nailartai.app/nail-salons/alabama/hoover/louis-nails-in-hoover,1,27,3.7%,7.67
https://nailartai.app/nail-salons/michigan/northville/qq-nail-and-spa,1,27,3.7%,8.33
https://nailartai.app/nail-salons/california/arcadia/momo-nails,1,27,3.7%,8.41
https://www.nailartai.app/nail-salons/pennsylvania/derry/classy-nails-spa-boutique-llc,1,27,3.7%,8.41
https://nailartai.app/nail-salons/pennsylvania/clarks-summit/c-k-nails,1,27,3.7%,8.93
https://nailartai.app/nail-salons/alaska/juneau/magic-nails-spa,1,27,3.7%,9.63
https://nailartai.app/nail-salons/california/oakley/4g-nails,1,27,3.7%,9.78
https://nailartai.app/nail-salons/washington/anacortes/nail-therapy,1,27,3.7%,10.04
https://www.nailartai.app/nail-salons/south-carolina/abbeville/bombshell-studio,1,27,3.7%,10.44
https://nailartai.app/nail-salons/alabama/gadsden/camellia-nail-spa,1,27,3.7%,10.56
https://nailartai.app/nail-salons/michigan/adrian/chica-s-nail-salon,1,27,3.7%,11.04
https://nailartai.app/nail-salons/michigan/mason/the-golden-shear-salon,1,27,3.7%,11.48
https://nailartai.app/nail-salons/wisconsin/altoona/vip-nails,1,27,3.7%,11.96
https://nailartai.app/nail-salons/pennsylvania/monaca/gelous-nails,1,27,3.7%,12.33
https://www.nailartai.app/nail-salons/pennsylvania/catasauqua/coco-nails,1,27,3.7%,12.74
https://www.nailartai.app/nail-salons/michigan/ypsilanti/addicted-nails,1,27,3.7%,12.78
https://nailartai.app/nail-salons/alabama/tuscaloosa/nails-spa,1,27,3.7%,35.11
https://www.nailartai.app/nail-salons/pennsylvania/dubois/hand-nail-body-works,1,26,3.85%,4.62
https://www.nailartai.app/nail-art/occasion/formal-gala-or-black-tie-event,1,26,3.85%,5.96
https://www.nailartai.app/nail-salons/louisiana/abbeville/elegant-nails,1,26,3.85%,7.54
https://nailartai.app/nail-salons/texas/allen/peony-nails-spa,1,26,3.85%,7.81
https://nailartai.app/nail-salons/california/fortuna/lovely-nails-spa,1,26,3.85%,9.42
https://www.nailartai.app/nail-salons/pennsylvania/levittown/nails-studio,1,26,3.85%,9.5
https://nailartai.app/nail-salons/california/vallejo/nails-by-eva,1,26,3.85%,10
https://nailartai.app/nail-salons/new-york/new-york/studio-naomi,1,26,3.85%,12.81
https://www.nailartai.app/nail-salons/pennsylvania/conshohocken/salon-spa-by-kimberly-gider,1,26,3.85%,12.85
https://nailartai.app/nail-salons/california/oroville-east/pure-spa,1,26,3.85%,13.12
https://nailartai.app/nail-salons/pennsylvania/monaca/suri-nails,1,26,3.85%,15.92
https://nailartai.app/nail-salons/pennsylvania/butler/dc-nails,1,26,3.85%,42.15
https://nailartai.app/nail-salons/idaho/ammon/7-nail-spa,1,25,4%,7.2
https://nailartai.app/nail-salons/michigan/grandville/ava-nail-salon,1,25,4%,8.04
https://nailartai.app/nail-salons/alabama/homewood/nail-spa-specialize-in-ombr-brows,1,25,4%,8.28
https://nailartai.app/nail-salons/kansas/wichita/luminous-nails-spa-new-manager,1,25,4%,8.32
https://nailartai.app/nail-salons/michigan/livonia/lp-nails-spa,1,25,4%,8.36
https://www.nailartai.app/nail-salons/michigan/wyandotte/pam-nails-studio,1,25,4%,8.6
https://www.nailartai.app/nail-salons/pennsylvania/selinsgrove/bedda-the-beauty-suite,1,25,4%,8.6
https://nailartai.app/nail-salons/pennsylvania/abington/beauty-image-spa,1,25,4%,8.88
https://www.nailartai.app/nail-salons/alaska/anchorage/glamorous-nails-spa,1,25,4%,9.08
https://nailartai.app/nail-salons/pennsylvania/bangor/diamond-nails-and-spa-bangor,1,25,4%,9.44
https://www.nailartai.app/nail-salons/pennsylvania/morrisville/makefield-nails-spa,1,25,4%,13.8
https://www.nailartai.app/nail-salons/michigan/monroe/escape-mini-spa,1,25,4%,15.68
https://www.nailartai.app/nail-salons/pennsylvania/philadelphia/luxe-nail-bar-at-temple-university,1,25,4%,18.96
https://nailartai.app/nail-salons/pennsylvania/strasburg/fancy-nails-salon-spa,1,25,4%,19
https://nailartai.app/nail-salons/delaware/middletown/nails-tropical-spa,1,25,4%,20.76
https://nailartai.app/nail-salons/pennsylvania/beaver/the-salon-on-3rd,1,25,4%,22.96
https://nailartai.app/nail-salons/tennessee/memphis/nail-bar-co-harbor-town,1,24,4.17%,7.75
https://nailartai.app/nail-salons/delaware/dover/nails-perfection,1,24,4.17%,7.83
https://nailartai.app/nail-salons/pennsylvania/bradford/aaa-nail,1,24,4.17%,8.67
https://nailartai.app/nail-salons/pennsylvania/limerick/t-a-beyond-cuticles,1,24,4.17%,8.88
https://nailartai.app/nail-salons/alabama/huntsville/rockstar-nails-spa,1,24,4.17%,9.92
https://nailartai.app/nail-salons/michigan/port-huron/nail-revive,1,24,4.17%,10.71
https://www.nailartai.app/nail-salons/iowa/ames/haley-s-nails-spa,1,24,4.17%,10.83
https://www.nailartai.app/nail-salons/texas/dallas,1,24,4.17%,11.29
https://nailartai.app/nail-salons/pennsylvania/st-marys/silver-sky-nails,1,24,4.17%,12.83
https://nailartai.app/nail-salons/pennsylvania/west-chester/goshen-nail-salon,1,24,4.17%,13.54