Title,Media URL,Pinterest board,Description,Link,Publish date,Keywords
"Halloween Pumpkins with Ghost Silhouettes Black Orange White Nails","https://cdn.nailartai.app/images/generated-1760376207812-t0l6v0.jpg","Halloween Nail Art Inspiration","Spooky Halloween nail art in black & white. Perfect for parties, trick-or-treating, and fall festivities. Add a glossy finish for extra pop. #HalloweenNails #NailArt #SpookyNails #NailInspo #HalloweenVibes","https://nailartai.app/halloween-nail-art/black-orange-pumpkins-white-ghost-silhouettes-halloween-nails-a574b6c3?utm_source=pinterest&utm_medium=social&utm_campaign=halloween_nails","2025-10-29T06:00:00","halloween nail art, halloween nails, spooky nails, black nails, orange nails, nail design, nail inspiration, DIY nails, nail trends, manicure ideas, nail art tutorial"
"Halloween Orange Black Cats with White Accent Nails","https://cdn.nailartai.app/images/pinterest-optimized/generated-nail-art-1759689659063.jpg","Halloween Nail Art Inspiration","Spooky Halloween nail art in black & white. Perfect for parties, trick-or-treating, and fall festivities. Works great on almond shapes. #HalloweenNails #NailArt #SpookyNails #NailInspo #HalloweenVibes","https://nailartai.app/halloween/festive-halloween-orange-black-cats-white-halloween-nails-10821d3a?utm_source=pinterest&utm_medium=social&utm_campaign=halloween_nails","2025-10-29T09:00:00","halloween nail art, halloween nails, spooky nails, black nails, orange nails, nail design, nail inspiration, DIY nails, nail trends, manicure ideas, nail art tutorial"
"Black Green Witch Hats Purple Glitter Halloween Nails","https://cdn.nailartai.app/images/pinterest-optimized/generated-nail-art-1759689646668.jpg","Halloween Nail Art Inspiration","Spooky Halloween nail art in green & purple. Perfect for parties, trick-or-treating, and fall festivities. Pair with a subtle accent nail. #HalloweenNails #NailArt #SpookyNails #NailInspo #HalloweenVibes","https://nailartai.app/halloween/black-green-witch-hats-purple-glitter-halloween-nails-8f3dde34?utm_source=pinterest&utm_medium=social&utm_campaign=halloween_nails","2025-10-29T12:30:00","halloween nail art, halloween nails, spooky nails, black nails, orange nails, nail design, nail inspiration, DIY nails, nail trends, manicure ideas, nail art tutorial"
"Creepy Halloween White Black Spider Webs Halloween Nails","https://cdn.nailartai.app/images/pinterest-optimized/generated-nail-art-1759689635485.jpg","Halloween Nail Art Inspiration","Spooky Halloween nail art in red & black. Perfect for parties, trick-or-treating, and fall festivities. Try a matte top coat for depth. #HalloweenNails #NailArt #SpookyNails #NailInspo #HalloweenVibes","https://nailartai.app/halloween/creepy-halloween-white-black-spider-webs-halloween-nails-2d49d0ff?utm_source=pinterest&utm_medium=social&utm_campaign=halloween_nails","2025-10-29T12:30:00","halloween nail art, halloween nails, spooky nails, black nails, orange nails, nail design, nail inspiration, DIY nails, nail trends, manicure ideas, nail art tutorial"
"Spooky Halloween Black Orange Pumpkins Green Halloween Nails","https://cdn.nailartai.app/images/pinterest-optimized/generated-nail-art-1759689634835.jpg","Halloween Nail Art Inspiration","Spooky Halloween nail art in green & black. Perfect for parties, trick-or-treating, and fall festivities. Ideal for short nail lengths. #HalloweenNails #NailArt #SpookyNails #NailInspo #HalloweenVibes","https://nailartai.app/halloween/spooky-halloween-black-orange-pumpkins-green-halloween-nails-686c8e51?utm_source=pinterest&utm_medium=social&utm_campaign=halloween_nails","2025-10-29T15:30:00","halloween nail art, halloween nails, spooky nails, black nails, orange nails, nail design, nail inspiration, DIY nails, nail trends, manicure ideas, nail art tutorial"
"Halloween Pumpkins with Green Accents Black Orange Nails","https://cdn.nailartai.app/images/pinterest-optimized/generated-nail-art-1759689634293.jpg","Halloween Nail Art Inspiration","Spooky Halloween nail art in green & black. Perfect for parties, trick-or-treating, and fall festivities. Add fine glitter for a subtle sparkle. #HalloweenNails #NailArt #SpookyNails #NailInspo #HalloweenVibes","https://nailartai.app/halloween/spooky-halloween-black-orange-pumpkins-green-halloween-nails-ec4a2500?utm_source=pinterest&utm_medium=social&utm_campaign=halloween_nails","2025-10-29T19:00:00","halloween nail art, halloween nails, spooky nails, black nails, orange nails, nail design, nail inspiration, DIY nails, nail trends, manicure ideas, nail art tutorial"
"Halloween Pumpkins Green Black Orange Glitter Nails","https://cdn.nailartai.app/images/pinterest-optimized/generated-nail-art-1759689623470.jpg","Halloween Nail Art Inspiration","Spooky Halloween nail art in green & black. Perfect for parties, trick-or-treating, and fall festivities. Finish with glossy top coat. #HalloweenNails #NailArt #SpookyNails #NailInspo #HalloweenVibes","https://nailartai.app/halloween/spooky-halloween-black-orange-pumpkins-green-halloween-nails-9e4d46cf?utm_source=pinterest&utm_medium=social&utm_campaign=halloween_nails","2025-10-29T19:00:00","halloween nail art, halloween nails, spooky nails, black nails, orange nails, nail design, nail inspiration, DIY nails, nail trends, manicure ideas, nail art tutorial"
"Halloween Spider Webs White Black Red Accent Nails","https://cdn.nailartai.app/images/pinterest-optimized/generated-nail-art-1759689623443.jpg","Halloween Nail Art Inspiration","Spooky Halloween nail art in red & black. Perfect for parties, trick-or-treating, and fall festivities. Add a thin web accent on the ring finger. #HalloweenNails #NailArt #SpookyNails #NailInspo #HalloweenVibes","https://nailartai.app/halloween/creepy-halloween-white-black-spider-webs-halloween-nails-04e5a387?utm_source=pinterest&utm_medium=social&utm_campaign=halloween_nails","2025-10-29T22:00:00","halloween nail art, halloween nails, spooky nails, black nails, orange nails, nail design, nail inspiration, DIY nails, nail trends, manicure ideas, nail art tutorial"
"Creepy Halloween Black Orange Gradient Spider Halloween Nails","https://cdn.nailartai.app/images/pinterest-optimized/generated-nail-art-1759689622429.jpg","Halloween Nail Art Inspiration","Spooky Halloween nail art in black & orange. Perfect for parties, trick-or-treating, and fall festivities. Great with ombre bases. #HalloweenNails #NailArt #SpookyNails #NailInspo #HalloweenVibes","https://nailartai.app/halloween/creepy-halloween-black-orange-gradient-spider-halloween-nails-96bdf527?utm_source=pinterest&utm_medium=social&utm_campaign=halloween_nails","2025-10-30T01:30:00","halloween nail art, halloween nails, spooky nails, black nails, orange nails, nail design, nail inspiration, DIY nails, nail trends, manicure ideas, nail art tutorial"
"Creepy Halloween Black White Bones Red Halloween Nails","https://cdn.nailartai.app/images/pinterest-optimized/generated-nail-art-1759689612392.jpg","Halloween Nail Art Inspiration","Spooky Halloween nail art in red & black. Perfect for parties, trick-or-treating, and fall festivities. Try thin line art for detail. #HalloweenNails #NailArt #SpookyNails #NailInspo #HalloweenVibes","https://nailartai.app/halloween/creepy-halloween-black-white-bones-red-halloween-nails-a9cef3ce?utm_source=pinterest&utm_medium=social&utm_campaign=halloween_nails","2025-10-30T06:00:00","halloween nail art, halloween nails, spooky nails, black nails, orange nails, nail design, nail inspiration, DIY nails, nail trends, manicure ideas, nail art tutorial"
"Orange Black Stripes White Ghosts Halloween Nails","https://cdn.nailartai.app/images/pinterest-optimized/generated-nail-art-1759689611546.jpg","Halloween Nail Art Inspiration","Spooky Halloween nail art in black & white. Perfect for parties, trick-or-treating, and fall festivities. Use striping tape for crisp lines. #HalloweenNails #NailArt #SpookyNails #NailInspo #HalloweenVibes","https://nailartai.app/halloween/orange-black-stripes-white-ghosts-halloween-nails-5970fddf?utm_source=pinterest&utm_medium=social&utm_campaign=halloween_nails","2025-10-30T09:00:00","halloween nail art, halloween nails, spooky nails, black nails, orange nails, nail design, nail inspiration, DIY nails, nail trends, manicure ideas, nail art tutorial"
"Black Orange Pumpkins White Ghost Silhouettes Halloween Nails","https://cdn.nailartai.app/images/pinterest-optimized/generated-nail-art-1759689611555.jpg","Halloween Nail Art Inspiration","Spooky Halloween nail art in black & white. Perfect for parties, trick-or-treating, and fall festivities. Accent one nail with stars. #HalloweenNails #NailArt #SpookyNails #NailInspo #HalloweenVibes","https://nailartai.app/halloween/black-orange-pumpkins-white-ghost-silhouettes-halloween-nails-b5628f76?utm_source=pinterest&utm_medium=social&utm_campaign=halloween_nails","2025-10-30T12:30:00","halloween nail art, halloween nails, spooky nails, black nails, orange nails, nail design, nail inspiration, DIY nails, nail trends, manicure ideas, nail art tutorial"
"Festive Halloween Orange Black Cats White Halloween Nails","https://cdn.nailartai.app/images/pinterest-optimized/generated-nail-art-1759689601615.jpg","Halloween Nail Art Inspiration","Spooky Halloween nail art in black & white. Perfect for parties, trick-or-treating, and fall festivities. Cat decals add a playful touch. #HalloweenNails #NailArt #SpookyNails #NailInspo #HalloweenVibes","https://nailartai.app/halloween/festive-halloween-orange-black-cats-white-halloween-nails-93cb4243?utm_source=pinterest&utm_medium=social&utm_campaign=halloween_nails","2025-10-30T12:30:00","halloween nail art, halloween nails, spooky nails, black nails, orange nails, nail design, nail inspiration, DIY nails, nail trends, manicure ideas, nail art tutorial"
"Striped Orange Black Ghost White Halloween Nails","https://cdn.nailartai.app/images/pinterest-optimized/generated-nail-art-1759689599738.jpg","Halloween Nail Art Inspiration","Spooky Halloween nail art in black & white. Perfect for parties, trick-or-treating, and fall festivities. Try a sheer base for softness. #HalloweenNails #NailArt #SpookyNails #NailInspo #HalloweenVibes","https://nailartai.app/halloween/orange-black-stripes-white-ghosts-halloween-nails-edfcf951?utm_source=pinterest&utm_medium=social&utm_campaign=halloween_nails","2025-10-30T15:30:00","halloween nail art, halloween nails, spooky nails, black nails, orange nails, nail design, nail inspiration, DIY nails, nail trends, manicure ideas, nail art tutorial"
"Halloween Pumpkins Ghost Silhouettes Black Orange White Nails","https://cdn.nailartai.app/images/pinterest-optimized/generated-nail-art-1759689590271.jpg","Halloween Nail Art Inspiration","Spooky Halloween nail art in black & white. Perfect for parties, trick-or-treating, and fall festivities. Swap one nail for a solid color. #HalloweenNails #NailArt #SpookyNails #NailInspo #HalloweenVibes","https://nailartai.app/halloween/black-orange-pumpkins-white-ghost-silhouettes-halloween-nails-d6839081?utm_source=pinterest&utm_medium=social&utm_campaign=halloween_nails","2025-10-30T19:00:00","halloween nail art, halloween nails, spooky nails, black nails, orange nails, nail design, nail inspiration, DIY nails, nail trends, manicure ideas, nail art tutorial"
"Halloween Black Cats Orange White Moon Accent Nails","https://cdn.nailartai.app/images/pinterest-optimized/generated-nail-art-1759689589336.jpg","Halloween Nail Art Inspiration","Spooky Halloween nail art in black & white. Perfect for parties, trick-or-treating, and fall festivities. Add a moon accent for balance. #HalloweenNails #NailArt #SpookyNails #NailInspo #HalloweenVibes","https://nailartai.app/halloween/festive-halloween-orange-black-cats-white-halloween-nails-3eaff59e?utm_source=pinterest&utm_medium=social&utm_campaign=halloween_nails","2025-10-30T19:00:00","halloween nail art, halloween nails, spooky nails, black nails, orange nails, nail design, nail inspiration, DIY nails, nail trends, manicure ideas, nail art tutorial"
"Witch Hats Purple Glitter Black Green Halloween Nails","https://cdn.nailartai.app/images/pinterest-optimized/generated-nail-art-1759687964284.jpg","Halloween Nail Art Inspiration","Spooky Halloween nail art in green & purple. Perfect for parties, trick-or-treating, and fall festivities. Thin outlines make details pop. #HalloweenNails #NailArt #SpookyNails #NailInspo #HalloweenVibes","https://nailartai.app/halloween-nail-art/black-green-witch-hats-purple-glitter-halloween-nails-b25dc9f1?utm_source=pinterest&utm_medium=social&utm_campaign=halloween_nails","2025-10-30T22:00:00","halloween nail art, halloween nails, spooky nails, black nails, orange nails, nail design, nail inspiration, DIY nails, nail trends, manicure ideas, nail art tutorial"
"Ghostly Orange Black Striped White Halloween Nails","https://cdn.nailartai.app/images/pinterest-optimized/generated-nail-art-1759687946116.jpg","Halloween Nail Art Inspiration","Spooky Halloween nail art in black & white. Perfect for parties, trick-or-treating, and fall festivities. Use gel polish for crisp lines. #HalloweenNails #NailArt #SpookyNails #NailInspo #HalloweenVibes","https://nailartai.app/halloween-nail-art/orange-black-stripes-white-ghosts-halloween-nails-3800929b?utm_source=pinterest&utm_medium=social&utm_campaign=halloween_nails","2025-10-31T01:30:00","halloween nail art, halloween nails, spooky nails, black nails, orange nails, nail design, nail inspiration, DIY nails, nail trends, manicure ideas, nail art tutorial"
