URL,Last crawled
https://www.nailartai.app/summer-nail-art/beach-summer-white-blue-waves-gold-summer-nails-fc874775,2025-10-19
https://www.nailartai.app/holiday/photo-real-salon-holiday-nails-9874c32b,2025-10-19
https://www.nailartai.app/korean/photo-real-salon-korean-nails-ab613cf9,2025-10-18
https://www.nailartai.app/try-on?design=34393c16-42c7-4c28-8d75-79fb8824fe1d,2025-10-18
https://www.nailartai.app/nail-art/square-or-squoval,2025-10-18
https://www.nailartai.app/try-on?design=e6384878-5e89-48ea-8fa0-b3cdf1564894,2025-10-18
"https://www.nailartai.app/nail-art/any-(almond,-square,-stiletto)",2025-10-18
https://www.nailartai.app/3d/photo-real-salon-3d-nails-c69a77c4,2025-10-18
https://www.nailartai.app/foil/sophisticated-photo-real-salon-foil-nails-9200518d,2025-10-18
https://www.nailartai.app/prom/photo-real-salon-prom-nails-41256384,2025-10-18
"https://www.nailartai.app/nail-art/almond,-square,-oval",2025-10-18
https://www.nailartai.app/pink/photo-real-salon-pink-nails-0ee617a3,2025-10-18
https://www.nailartai.app/blue/navy-blue-gold-foil-blue-nails-0bd14300,2025-10-18
https://www.nailartai.app/embellished/stunning-photo-real-salon-embellished-nails-057cd907,2025-10-18
https://www.nailartai.app/bohemian/photo-real-salon-bohemian-nails-f6ab709f,2025-10-18
https://www.nailartai.app/cocktail/photo-real-salon-cocktail-nails-7f2b8e67,2025-10-18
https://www.nailartai.app/winter/photo-real-salon-winter-nails-35a16240,2025-10-18
https://www.nailartai.app/3d/photo-real-salon-3d-nails-b844bab6,2025-10-18
https://www.nailartai.app/holographic/photo-real-salon-holographic-nails-5736b0b0,2025-10-18
https://www.nailartai.app/holiday/photo-real-salon-holiday-nails-4935b509,2025-10-18
https://www.nailartai.app/stripes/photo-real-salon-stripes-nails-357f80ae,2025-10-18
https://www.nailartai.app/stripes/photo-real-salon-stripes-nails-f35e242d,2025-10-18
https://www.nailartai.app/bridesmaid/gorgeous-photo-real-salon-bridesmaid-nails-bdf54982,2025-10-18
https://www.nailartai.app/try-on?design=b9a558fb-6b8e-4922-bae5-fd5d5602d5aa,2025-10-18
https://www.nailartai.app/halloween/black-green-witch-hats-purple-glitter-halloween-nails-8f3dde34,2025-10-18
https://www.nailartai.app/french-tips/photo-real-salon-french-tips-nails-d07b4c17,2025-10-18
https://www.nailartai.app/aurora/photo-real-salon-aurora-nails-e2666a30,2025-10-18
https://www.nailartai.app/champagne/photo-real-salon-champagne-nails-9f59de19,2025-10-18
https://www.nailartai.app/halloween-nail-art/festive-halloween-orange-black-cats-white-halloween-nails-69420b86,2025-10-18
"https://www.nailartai.app/nail-art/almond,-round,-square",2025-10-18
https://www.nailartai.app/coffin/photo-real-salon-coffin-nails-660591bd,2025-10-18
https://www.nailartai.app/european/photo-real-salon-european-nails-d663efc0,2025-10-18
https://www.nailartai.app/pink/sophisticated-photo-real-salon-pink-nails-d080d452,2025-10-18
https://www.nailartai.app/embellished/beautiful-photo-real-salon-embellished-nails-8a0df321,2025-10-18
https://www.nailartai.app/short/photo-real-salon-short-nails-e246d00b,2025-10-18
https://www.nailartai.app/try-on?design=0850fb53-a539-490a-a821-4dfa17562d24,2025-10-18
https://www.nailartai.app/foil/stunning-photo-real-salon-foil-nails-6b0596ec,2025-10-18
https://www.nailartai.app/3d/stunning-photo-real-salon-3d-nails-e7a03397,2025-10-18
https://www.nailartai.app/foil/photo-real-salon-foil-nails-b3bcee83,2025-10-18
https://www.nailartai.app/half-moon/stunning-photo-real-salon-half-moon-nails-ccc029ac,2025-10-18
https://www.nailartai.app/try-on?design=b85611f2-5b9b-4ca1-a80f-eab1b42d50fb,2025-10-18
https://www.nailartai.app/work/beautiful-photo-real-salon-work-nails-f4d67266,2025-10-18
https://www.nailartai.app/french-tips/photo-real-salon-french-tips-nails-d744a061,2025-10-18
https://www.nailartai.app/natural-length/photo-real-salon-natural-length-nails-ed26181a,2025-10-18
https://www.nailartai.app/bridesmaid/beautiful-photo-real-salon-bridesmaid-nails-2f64494f,2025-10-18
https://www.nailartai.app/casual/beautiful-photo-real-salon-casual-nails-07eba857,2025-10-18
https://www.nailartai.app/pink/gorgeous-photo-real-salon-pink-nails-f15dfc2f,2025-10-18
https://www.nailartai.app/bridesmaid/gorgeous-photo-real-salon-bridesmaid-nails-344838c1,2025-10-18
https://www.nailartai.app/cream/photo-real-salon-cream-nails-c511c050,2025-10-18
https://www.nailartai.app/transparent/photo-real-salon-transparent-nails-8129c437,2025-10-18
https://www.nailartai.app/valentine's-day/photo-real-salon-valentine's-day-nails-efd6df70,2025-10-18
https://www.nailartai.app/lipstick/photo-real-salon-lipstick-nails-ff3deae8,2025-10-18
https://www.nailartai.app/beach/photo-real-salon-beach-nails-865e7a8d,2025-10-18
https://www.nailartai.app/chevron/gorgeous-photo-real-salon-chevron-nails-ad84098f,2025-10-18
https://www.nailartai.app/reverse-french/beautiful-photo-real-salon-reverse-french-nails-196ff2c8,2025-10-18
https://www.nailartai.app/bridal/beautiful-photo-real-salon-bridal-nails-4c045435,2025-10-18
https://www.nailartai.app/design/cosmic-dream,2025-10-18
https://www.nailartai.app/magnetic/stunning-photo-real-salon-magnetic-nails-cc516bdd,2025-10-18
https://www.nailartai.app/reverse-french/beautiful-photo-real-salon-reverse-french-nails-82cb9670,2025-10-18
https://www.nailartai.app/floral/sophisticated-photo-real-salon-floral-nails-f721dea3,2025-10-18
https://www.nailartai.app/marble/photo-real-salon-marble-nails-cff388d1,2025-10-18
https://www.nailartai.app/spring/beautiful-photo-real-salon-spring-nails-b1d80896,2025-10-18
https://www.nailartai.app/holiday/photo-real-salon-holiday-nails-5b384ea9,2025-10-18
https://www.nailartai.app/holiday/stunning-photo-real-salon-holiday-nails-e85a1048,2025-10-18
https://www.nailartai.app/summer-nail-art/tropical-summer-green-pink-flowers-gold-summer-nails-9da124c6,2025-10-18
https://www.nailartai.app/geometric/photo-real-salon-geometric-nails-39384707,2025-10-18
https://www.nailartai.app/holiday/gorgeous-photo-real-salon-holiday-nails-6cb93ea3,2025-10-18
https://www.nailartai.app/hand-painting/photo-real-salon-hand-painting-nails-60c6c61e,2025-10-18
https://www.nailartai.app/anniversary/photo-real-salon-anniversary-nails-9ef13ba4,2025-10-18
https://www.nailartai.app/extended/photo-real-salon-extended-nails-04e29bdd,2025-10-18
https://www.nailartai.app/negative-space/photo-real-salon-negative-space-nails-8c930025,2025-10-18
https://www.nailartai.app/foil/photo-real-salon-foil-nails-e7769085,2025-10-18
https://www.nailartai.app/holographic/gorgeous-photo-real-salon-holographic-nails-83ad0816,2025-10-18
https://www.nailartai.app/mermaid/photo-real-salon-mermaid-nails-226fb0fe,2025-10-18
https://www.nailartai.app/marble/photo-real-salon-marble-nails-032865da,2025-10-18
https://www.nailartai.app/foil/beautiful-photo-real-salon-foil-nails-5dae4f9f,2025-10-18
https://www.nailartai.app/try-on?design=3a6af05c-5cab-4aaf-b059-eb430e1cc902,2025-10-18
https://www.nailartai.app/try-on?design=1bf68d70-17e9-4cd3-acf4-2e831f02efc0,2025-10-18
https://www.nailartai.app/try-on?design=432bffcf-00dd-4c8f-aca5-169cb7fe83b5,2025-10-18
https://www.nailartai.app/try-on?design=797de4fb-20c2-4eec-8800-c20e2fa4c46b,2025-10-18
https://www.nailartai.app/try-on?design=c6be319b-a98d-4134-80f8-8ff396bdf527,2025-10-18
https://www.nailartai.app/try-on?design=19413675-b5f8-4d30-a46e-122eff8d491f,2025-10-18
https://www.nailartai.app/try-on?design=41929cc7-2db1-471e-a5e6-79d0efa2ea77,2025-10-18
https://www.nailartai.app/try-on?design=f0772d7b-612e-4d5b-91fa-7227c23b5482,2025-10-18
https://www.nailartai.app/try-on?design=2fd19475-792d-4088-bdc3-fadf16520345,2025-10-18
https://www.nailartai.app/try-on?design=4260fb8e-a4be-4044-a34a-12c112bc726e,2025-10-18
https://www.nailartai.app/try-on?design=bc3a78b9-97bd-44de-93b4-4d58e16a6f4f,2025-10-18
https://www.nailartai.app/try-on?design=1af5e254-6811-45c0-8505-6da8c7dbbbec,2025-10-18
https://www.nailartai.app/try-on?design=91a8339d-af5d-4df3-b797-b294bdf54982,2025-10-18
https://www.nailartai.app/try-on?design=abbfd720-065b-4d33-8dcf-6ce2808f1a51,2025-10-18
https://www.nailartai.app/try-on?design=c0046991-8f59-4f98-a3c7-8e4bc9905755,2025-10-18
https://www.nailartai.app/try-on?design=c35a54d2-b98f-47df-8955-a4227d649ff5,2025-10-18
https://www.nailartai.app/try-on?design=443c6c3a-5da7-4c84-b180-36a236b53442,2025-10-18
https://www.nailartai.app/try-on?design=066ae4a3-5417-4d04-b43e-5c15a574b6c3,2025-10-18
https://www.nailartai.app/try-on?design=1c12686c-d417-420c-84f0-df5b2aa3af68,2025-10-18
https://www.nailartai.app/try-on?design=3a8882c8-3f91-4aa3-baab-952ea7d6a363,2025-10-18
https://www.nailartai.app/try-on?design=773a6f8a-f3a8-4b3b-bd99-361898541970,2025-10-18
https://www.nailartai.app/try-on?design=94f8f726-aaf7-4133-9fd8-705ce2dd39b2,2025-10-18
https://www.nailartai.app/try-on?design=9e8dedaa-2bdd-4203-a59d-36058f3dde34,2025-10-18
https://www.nailartai.app/half-moon/sophisticated-photo-real-salon-half-moon-nails-c5f785dc,2025-10-18
https://www.nailartai.app/burgundy/photo-real-salon-burgundy-nails-5dfb5255,2025-10-18
https://www.nailartai.app/stripes/stunning-photo-real-salon-stripes-nails-3413cf45,2025-10-18
https://www.nailartai.app/try-on?design=74a2ac4f-6de4-44de-82f3-2ca1344838c1,2025-10-18
https://www.nailartai.app/try-on?design=b762983a-f178-4312-bb28-3d9bed4e0154,2025-10-18
https://www.nailartai.app/try-on?design=c962bd1c-9497-4836-92b4-21132f64494f,2025-10-18
https://www.nailartai.app/try-on?design=8bfcf9f0-727f-4e9a-8f76-1bf58ca2ce38,2025-10-18
https://www.nailartai.app/thermal/sophisticated-photo-real-salon-thermal-nails-5e687f3d,2025-10-18
https://www.nailartai.app/try-on?design=7b4b07d8-040f-44c1-b662-c43731d4374a,2025-10-18
https://www.nailartai.app/oval/photo-real-salon-oval-nails-10dc326d,2025-10-18
https://www.nailartai.app/try-on?design=25e21f66-e878-47da-ab0b-9bdd49ee75bc,2025-10-18
https://www.nailartai.app/galaxy/photo-real-salon-galaxy-nails-642f1130,2025-10-18
https://www.nailartai.app/marble/beautiful-photo-real-salon-marble-nails-f4398c2c,2025-10-18
https://www.nailartai.app/foil/gorgeous-photo-real-salon-foil-nails-867fc5dd,2025-10-18
"https://www.nailartai.app/nail-art/any-(almond,-coffin,-square)",2025-10-18
https://www.nailartai.app/pink/sophisticated-photo-real-salon-pink-nails-aefa8dd5,2025-10-18
https://www.nailartai.app/grey/photo-real-salon-grey-nails-12b87a13,2025-10-18
https://www.nailartai.app/foil/stunning-photo-real-salon-foil-nails-ea5fb8f0,2025-10-18
https://www.nailartai.app/stripes/stunning-photo-real-salon-stripes-nails-66209c4e,2025-10-18
https://www.nailartai.app/foil/photo-real-salon-foil-nails-89429522,2025-10-18
https://www.nailartai.app/aurora/beautiful-photo-real-salon-aurora-nails-f62a9385,2025-10-18
https://www.nailartai.app/half-moon/beautiful-photo-real-salon-half-moon-nails-965ef09b,2025-10-18
https://www.nailartai.app/floral/sophisticated-photo-real-salon-floral-nails-d73dba4e,2025-10-18
https://www.nailartai.app/reverse-french/stunning-photo-real-salon-reverse-french-nails-ccce82eb,2025-10-18
https://www.nailartai.app/ombre/photo-real-salon-ombre-nails-8b7d895a,2025-10-18
https://www.nailartai.app/bohemian/photo-real-salon-bohemian-nails-02162639,2025-10-18
https://www.nailartai.app/ivory/photo-real-salon-ivory-nails-9ca83779,2025-10-18
https://www.nailartai.app/embellished/gorgeous-photo-real-salon-embellished-nails-b9b7b66b,2025-10-18
https://www.nailartai.app/dinner/photo-real-salon-dinner-nails-aee7bf46,2025-10-18
https://www.nailartai.app/lime/photo-real-salon-lime-nails-5552f761,2025-10-18
https://www.nailartai.app/clear/photo-real-salon-clear-nails-23187b5a,2025-10-18
https://www.nailartai.app/try-on?design=1c0159cc-eb9d-499c-a952-b6fa4cc615c8,2025-10-18
https://www.nailartai.app/try-on?design=90ebc0e7-7fe3-47d3-8cc3-207b7beb9362,2025-10-18
https://www.nailartai.app/ballerina/photo-real-salon-ballerina-nails-7693d3ab,2025-10-18
https://www.nailartai.app/fairy/photo-real-salon-fairy-nails-8bbc55af,2025-10-18
https://www.nailartai.app/edgy/photo-real-salon-edgy-nails-e8f0491d,2025-10-18
https://www.nailartai.app/galaxy/photo-real-salon-galaxy-nails-5869742a,2025-10-18
"https://www.nailartai.app/nail-art/almond,-oval,-square-(adaptable)",2025-10-18
https://www.nailartai.app/try-on?design=de5d1b9f-2971-4967-af46-459021ef1b0a,2025-10-18
https://www.nailartai.app/unicorn/photo-real-salon-unicorn-nails-30457a5b,2025-10-18
https://www.nailartai.app/half-moon/gorgeous-photo-real-salon-half-moon-nails-3836e4ff,2025-10-18
https://www.nailartai.app/half-moon/beautiful-photo-real-salon-half-moon-nails-76d1bf7c,2025-10-18
https://www.nailartai.app/elegant/photo-real-salon-elegant-nails-a0337639,2025-10-18
https://www.nailartai.app/elegant/photo-real-salon-elegant-nails-89b4fce6,2025-10-18
https://www.nailartai.app/fairy/photo-real-salon-fairy-nails-10a0409a,2025-10-18
https://www.nailartai.app/aurora/sophisticated-photo-real-salon-aurora-nails-061f6edb,2025-10-18
https://www.nailartai.app/embellished/gorgeous-photo-real-salon-embellished-nails-75be1bbb,2025-10-18
https://www.nailartai.app/faq/troubleshooting,2025-10-18
https://www.nailartai.app/faq/general,2025-10-18
https://www.nailartai.app/almond/photo-real-salon-almond-nails-6b72717b,2025-10-18
https://www.nailartai.app/bridesmaid/sophisticated-photo-real-salon-bridesmaid-nails-31d4374a,2025-10-18
https://www.nailartai.app/brown/photo-real-salon-brown-nails-dbd1c244,2025-10-18
https://www.nailartai.app/faq/techniques,2025-10-18
https://www.nailartai.app/magnetic/sophisticated-photo-real-salon-magnetic-nails-b56b98aa,2025-10-18
https://www.nailartai.app/magnetic/stunning-photo-real-salon-magnetic-nails-3a6ed25e,2025-10-18
https://www.nailartai.app/try-on?design=3e6c9409-8c50-42ca-ae8f-511c33ba0270,2025-10-18
https://www.nailartai.app/try-on?design=e1589786-4f0e-4592-b3a1-8be380ed3708,2025-10-18
https://www.nailartai.app/try-on?design=4867c9ed-5372-4ebb-b54f-1555cb71512e,2025-10-18
https://www.nailartai.app/work/photo-real-salon-work-nails-d58874ea,2025-10-18
"https://www.nailartai.app/nail-art/almond,-round,-or-square",2025-10-18
https://www.nailartai.app/extra-long/photo-real-salon-extra-long-nails-f5ccb200,2025-10-18
https://www.nailartai.app/holiday/photo-real-salon-holiday-nails-94ff6f6b,2025-10-18
https://www.nailartai.app/try-on?design=ba3504e7-e0dd-4757-b842-ead6678899e2,2025-10-18
https://www.nailartai.app/bridesmaid/stunning-photo-real-salon-bridesmaid-nails-c7dbbbec,2025-10-18
https://www.nailartai.app/cocktail/photo-real-salon-cocktail-nails-890d5cb0,2025-10-18
https://www.nailartai.app/sophisticated/photo-real-salon-sophisticated-nails-ec610832,2025-10-18
https://www.nailartai.app/aurora/sophisticated-photo-real-salon-aurora-nails-80ba17e4,2025-10-18
"https://www.nailartai.app/nail-art/can-suit-any-shape,-but-oval-or-almond-enhances-elegance",2025-10-18
https://www.nailartai.app/magnetic/beautiful-photo-real-salon-magnetic-nails-746c6845,2025-10-18
"https://www.nailartai.app/nail-art/can-suit-any-shape,-but-oval-or-almond-enhances-elegance.",2025-10-18
https://www.nailartai.app/valentine's-day/photo-real-salon-valentine's-day-nails-dfcff66d,2025-10-18
https://www.nailartai.app/grey/photo-real-salon-grey-nails-ca826ba4,2025-10-18
https://www.nailartai.app/stripes/beautiful-photo-real-salon-stripes-nails-30fed074,2025-10-18
https://www.nailartai.app/half-moon/sophisticated-photo-real-salon-half-moon-nails-31b9d4b8,2025-10-18
https://www.nailartai.app/feminine/photo-real-salon-feminine-nails-9f5940a9,2025-10-18
https://www.nailartai.app/art-deco/sophisticated-photo-real-salon-art-deco-nails-5548a2fa,2025-10-18
https://www.nailartai.app/art-deco/stunning-photo-real-salon-art-deco-nails-40c03f9e,2025-10-18
https://www.nailartai.app/luxury/photo-real-salon-luxury-nails-43a966ef,2025-10-18
https://www.nailartai.app/mermaid/photo-real-salon-mermaid-nails-2a6b9dd7,2025-10-18
https://www.nailartai.app/rose-gold/photo-real-salon-rose-gold-nails-680778cd,2025-10-18
https://www.nailartai.app/coffin/photo-real-salon-coffin-nails-86c96e23,2025-10-18
https://www.nailartai.app/thermal/gorgeous-photo-real-salon-thermal-nails-464066f1,2025-10-18
https://www.nailartai.app/christmas-nail-art/silver-snowflakes-red-berries-gold-glitter-christmas-nails-0898bd76,2025-10-18
https://www.nailartai.app/cream/photo-real-salon-cream-nails-f3bc73b2,2025-10-18
https://www.nailartai.app/stamping/photo-real-salon-stamping-nails-626f77b1,2025-10-18
https://www.nailartai.app/holographic/beautiful-photo-real-salon-holographic-nails-65d45bed,2025-10-18
https://www.nailartai.app/floral/photo-real-salon-floral-nails-a693799a,2025-10-18
https://www.nailartai.app/spring/stunning-photo-real-salon-spring-nails-69f56ab8,2025-10-18
https://www.nailartai.app/fall-wedding/photo-real-salon-fall-wedding-nails-d8102f45,2025-10-18
https://www.nailartai.app/fall-wedding/photo-real-salon-fall-wedding-nails-ee72349c,2025-10-18
https://www.nailartai.app/fall-wedding/photo-real-salon-fall-wedding-nails-ff9cce2b,2025-10-18
https://www.nailartai.app/art-deco/stunning-photo-real-salon-art-deco-nails-b90aa68a,2025-10-18
https://www.nailartai.app/sponge/photo-real-salon-sponge-nails-a42a5328,2025-10-18
https://www.nailartai.app/summer/sand-colored-blue-waves-white-seagull-summer-nails-84c4fbdc,2025-10-18
"https://www.nailartai.app/nail-art/almond,-oval,-square-rounded",2025-10-18
https://www.nailartai.app/try-on?design=30d24d60-8acb-43da-9343-6b82a9cef3ce,2025-10-18
https://www.nailartai.app/aurora/stunning-photo-real-salon-aurora-nails-73076226,2025-10-18
https://www.nailartai.app/glitter-application/sophisticated-photo-real-salon-glitter-application-nails-c723b901,2025-10-18
https://www.nailartai.app/3d/stunning-photo-real-salon-3d-nails-717a9f41,2025-10-18
https://www.nailartai.app/brunch/photo-real-salon-brunch-nails-50f9d330,2025-10-18
https://www.nailartai.app/unicorn/photo-real-salon-unicorn-nails-03ae8270,2025-10-18
https://www.nailartai.app/queen/photo-real-salon-queen-nails-264821f3,2025-10-18
https://www.nailartai.app/valentine's-day/photo-real-salon-valentine's-day-nails-2c2825fa,2025-10-18
https://www.nailartai.app/glamour/photo-real-salon-glamour-nails-cf0dfd9c,2025-10-18
https://www.nailartai.app/glamour/photo-real-salon-glamour-nails-ebb8a69b,2025-10-18
https://www.nailartai.app/long-nails/photo-real-salon-long-nails-nails-1fab21d7,2025-10-18
https://www.nailartai.app/party/photo-real-salon-party-nails-bc4f0dc6,2025-10-18
https://www.nailartai.app/punk/photo-real-salon-punk-nails-5d7ac479,2025-10-18
https://www.nailartai.app/punk/photo-real-salon-punk-nails-b59ea4e8,2025-10-18
https://www.nailartai.app/romantic/photo-real-salon-romantic-nails-d2a75e24,2025-10-18
https://www.nailartai.app/lunch/photo-real-salon-lunch-nails-05f5c800,2025-10-18
https://www.nailartai.app/magnetic/gorgeous-photo-real-salon-magnetic-nails-f91e8a6b,2025-10-18
https://www.nailartai.app/try-on?design=8c6ab9aa-a96c-4d4d-a0b9-f24ca9393fb2,2025-10-18
https://www.nailartai.app/spring/photo-real-salon-spring-nails-dfacf350,2025-10-18
https://www.nailartai.app/sponge/photo-real-salon-sponge-nails-8093d249,2025-10-18
https://www.nailartai.app/try-on?design=3710b26a-de18-4866-bea1-a5bd4ee0e0e3,2025-10-18
https://www.nailartai.app/try-on?design=7224f975-e950-4b02-8554-c3b52980d8a5,2025-10-18
https://www.nailartai.app/try-on?design=ec401d34-ca53-48e4-bf2f-2ea109fdbe1e,2025-10-18
https://www.nailartai.app/summer-wedding/photo-real-salon-summer-wedding-nails-896d34b3,2025-10-18
"https://www.nailartai.app/nail-art/almond,-oval,-square",2025-10-18
https://www.nailartai.app/negative-space/gorgeous-photo-real-salon-negative-space-nails-dca877ec,2025-10-18
https://www.nailartai.app/marble/photo-real-salon-marble-nails-adafdd5a,2025-10-18
https://www.nailartai.app/holiday/photo-real-salon-holiday-nails-f4c7d6d9,2025-10-18
https://www.nailartai.app/stamping/photo-real-salon-stamping-nails-59155459,2025-10-18
https://www.nailartai.app/thermal/stunning-photo-real-salon-thermal-nails-31697f5a,2025-10-18
https://www.nailartai.app/thermal/stunning-photo-real-salon-thermal-nails-7b3c9db2,2025-10-18
https://www.nailartai.app/trendy/photo-real-salon-trendy-nails-39fbc248,2025-10-18
https://www.nailartai.app/half-moon/photo-real-salon-half-moon-nails-9daf88f1,2025-10-18
https://www.nailartai.app/almond/photo-real-salon-almond-nails-f9a73fef,2025-10-18
https://www.nailartai.app/date-night/stunning-photo-real-salon-date-night-nails-4242c953,2025-10-18
https://www.nailartai.app/blue/french-cobalt-blue-chrome-blue-nails-34241007,2025-10-18
https://www.nailartai.app/bridesmaid/sophisticated-photo-real-salon-bridesmaid-nails-808f1a51,2025-10-18
https://www.nailartai.app/negative-space/stunning-photo-real-salon-negative-space-nails-d36a15bc,2025-10-17
https://www.nailartai.app/date-night/stunning-photo-real-salon-date-night-nails-08c333b7,2025-10-17
https://www.nailartai.app/floral/photo-real-salon-floral-nails-08458d48,2025-10-17
https://www.nailartai.app/aurora/photo-real-salon-aurora-nails-87165ade,2025-10-17
https://www.nailartai.app/prom/photo-real-salon-prom-nails-a41a7355,2025-10-17
https://www.nailartai.app/galaxy/sophisticated-photo-real-salon-galaxy-nails-7710e307,2025-10-17
https://www.nailartai.app/half-moon/gorgeous-photo-real-salon-half-moon-nails-91d84447,2025-10-17
https://www.nailartai.app/edgy/photo-real-salon-edgy-nails-9d453a73,2025-10-17
https://www.nailartai.app/interview/photo-real-salon-interview-nails-c0346698,2025-10-17
https://www.nailartai.app/unicorn/photo-real-salon-unicorn-nails-21ddea84,2025-10-17
https://www.nailartai.app/try-on?design=85977a4f-6290-48b3-bdf3-cf4124dca7df,2025-10-17
https://www.nailartai.app/feminine/photo-real-salon-feminine-nails-07312fbd,2025-10-17
https://www.nailartai.app/unicorn/photo-real-salon-unicorn-nails-c7afa774,2025-10-17
https://www.nailartai.app/clear/photo-real-salon-clear-nails-540304de,2025-10-17
https://www.nailartai.app/athletic/photo-real-salon-athletic-nails-1d077d13,2025-10-17
https://www.nailartai.app/polka-dots/beautiful-photo-real-salon-polka-dots-nails-4f438a75,2025-10-17
https://www.nailartai.app/winter-wedding/photo-real-salon-winter-wedding-nails-6460febe,2025-10-17
https://www.nailartai.app/blue/blue-glazed-donut-glossy-blue-nails-a7deefe7,2025-10-17
"https://www.nailartai.app/nail-art/any-(almond,-round,-square)",2025-10-17
https://www.nailartai.app/athletic/photo-real-salon-athletic-nails-dce6654a,2025-10-17
https://www.nailartai.app/sponging/photo-real-salon-sponging-nails-b5fa6a00,2025-10-16
https://www.nailartai.app/cat-eye/gorgeous-photo-real-salon-cat-eye-nails-6378c2f9,2025-10-16
https://www.nailartai.app/tropical/photo-real-salon-tropical-nails-77409537,2025-10-16
https://www.nailartai.app/floral/photo-real-salon-floral-nails-91bf6a78,2025-10-16
https://www.nailartai.app/medium/photo-real-salon-medium-nails-02eb1f92,2025-10-16
https://www.nailartai.app/ombre/photo-real-salon-ombre-nails-cd5b4e7d,2025-10-16
https://www.nailartai.app/mermaid/photo-real-salon-mermaid-nails-8fdd69a8,2025-10-16
https://www.nailartai.app/dark/photo-real-salon-dark-nails-ed4e19c1,2025-10-16
https://www.nailartai.app/negative-space/sophisticated-photo-real-salon-negative-space-nails-9557ca68,2025-10-16
https://www.nailartai.app/sporty/photo-real-salon-sporty-nails-20b19403,2025-10-16
https://www.nailartai.app/blue/blue-glazed-donut-glossy-blue-nails-e0a6fb7f,2025-10-16
https://www.nailartai.app/galaxy/sophisticated-photo-real-salon-galaxy-nails-254a93c3,2025-10-16
https://www.nailartai.app/nail-art-gallery/category/Sponging,2025-10-16
https://www.nailartai.app/nail-art-gallery/category/Fun,2025-10-16
https://www.nailartai.app/date-night/photo-real-salon-date-night-nails-881fc701,2025-10-16
https://www.nailartai.app/cat-eye/stunning-photo-real-salon-cat-eye-nails-6df5dc7a,2025-10-16
https://www.nailartai.app/anniversary/photo-real-salon-anniversary-nails-ddc8f770,2025-10-16
https://www.nailartai.app/christmas/cable-knit-red-white-stripes-gold-christmas-nails-256093f0,2025-10-16
https://www.nailartai.app/stripes/sophisticated-photo-real-salon-stripes-nails-f89e741b,2025-10-16
https://www.nailartai.app/natural/photo-real-salon-natural-nails-d62204f0,2025-10-16
https://www.nailartai.app/holiday-season/photo-real-salon-holiday-season-nails-84abe273,2025-10-16
https://www.nailartai.app/nail-art-gallery/category/Japanese,2025-10-16
https://www.nailartai.app/3d/photo-real-salon-3d-nails-23c6639f,2025-10-16
https://www.nailartai.app/date-night/photo-real-salon-date-night-nails-4120e29f,2025-10-16
https://www.nailartai.app/watercolor/photo-real-salon-watercolor-nails-f4b0b1fb,2025-10-16
https://www.nailartai.app/wedding/photo-real-salon-wedding-nails-bc8e223d,2025-10-16
https://www.nailartai.app/party/photo-real-salon-party-nails-b1f24591,2025-10-16
https://www.nailartai.app/glitter-application/photo-real-salon-glitter-application-nails-b510db3d,2025-10-16
https://www.nailartai.app/sponge/photo-real-salon-sponge-nails-2a2a7829,2025-10-16
https://www.nailartai.app/casual/photo-real-salon-casual-nails-26bcd9d3,2025-10-16
https://www.nailartai.app/christmas-nail-art/cable-knit-red-white-stripes-gold-christmas-nails-7f258123,2025-10-16
https://www.nailartai.app/chevron/photo-real-salon-chevron-nails-f8bda3a6,2025-10-16
https://www.nailartai.app/glitter-application/photo-real-salon-glitter-application-nails-2139e9b3,2025-10-16
https://www.nailartai.app/negative-space/photo-real-salon-negative-space-nails-0d4770a4,2025-10-16
https://www.nailartai.app/geometric/photo-real-salon-geometric-nails-88104ac9,2025-10-16
https://www.nailartai.app/half-moon/photo-real-salon-half-moon-nails-301db43d,2025-10-16
https://www.nailartai.app/work/photo-real-salon-work-nails-ca3bf565,2025-10-16
https://www.nailartai.app/glitter-application/photo-real-salon-glitter-application-nails-26b6febd,2025-10-16
https://www.nailartai.app/ombre/photo-real-salon-ombre-nails-33294dc8,2025-10-16
https://www.nailartai.app/nude/photo-real-salon-nude-nails-8a2ba7a4,2025-10-16
https://www.nailartai.app/bridal/stunning-photo-real-salon-bridal-nails-8c5846ca,2025-10-16
https://www.nailartai.app/royal/photo-real-salon-royal-nails-a6a3455a,2025-10-16
https://www.nailartai.app/aurora/photo-real-salon-aurora-nails-5a30f716,2025-10-16
https://www.nailartai.app/cat-eye/sophisticated-photo-real-salon-cat-eye-nails-a4f1fc1d,2025-10-16
https://www.nailartai.app/halloween-nail-art/festive-halloween-orange-black-cats-white-halloween-nails-e710f32f,2025-10-16
https://www.nailartai.app/minimalist/minimalist-beige-single-gold-line-minimalist-nails-07f93c08,2025-10-16
https://www.nailartai.app/rhinestone/photo-real-salon-rhinestone-nails-6215fe3a,2025-10-16
https://www.nailartai.app/girly/photo-real-salon-girly-nails-14545cef,2025-10-16
https://www.nailartai.app/thermal/photo-real-salon-thermal-nails-64511abe,2025-10-16
https://www.nailartai.app/blue/blue-glazed-donut-glossy-blue-nails-a7d6a363,2025-10-16
https://www.nailartai.app/stripes/photo-real-salon-stripes-nails-fc94329b,2025-10-16
https://www.nailartai.app/korean/photo-real-salon-korean-nails-44bccbb7,2025-10-16
https://www.nailartai.app/ivory/photo-real-salon-ivory-nails-c4b17bd4,2025-10-16
https://www.nailartai.app/coffee/photo-real-salon-coffee-nails-cc9ec29e,2025-10-16
https://www.nailartai.app/geometric/photo-real-salon-geometric-nails-b75608dc,2025-10-16
https://www.nailartai.app/winter/photo-real-salon-winter-nails-ad0bdb90,2025-10-16
https://www.nailartai.app/magnetic/photo-real-salon-magnetic-nails-c11cdd73,2025-10-16
https://www.nailartai.app/marble/gorgeous-photo-real-salon-marble-nails-858d6212,2025-10-16
https://www.nailartai.app/try-on?design=18cbdee9-f07b-42af-8a43-1646686c8e51,2025-10-16
https://www.nailartai.app/try-on?design=2af657e9-475d-4a72-96dd-d4581a7c42d8,2025-10-16
https://www.nailartai.app/try-on?design=e080c8dc-512a-453a-9486-77eaa7136939,2025-10-16
https://www.nailartai.app/bridal/photo-real-salon-bridal-nails-f99c747d,2025-10-16
https://www.nailartai.app/valentine's-day/photo-real-salon-valentine's-day-nails-9842e9d8,2025-10-16
https://www.nailartai.app/3d/stunning-photo-real-salon-3d-nails-9077020c,2025-10-16
https://www.nailartai.app/holographic/sophisticated-photo-real-salon-holographic-nails-fdbad9ba,2025-10-16
https://www.nailartai.app/magenta/photo-real-salon-magenta-nails-4e2c331d,2025-10-16
https://www.nailartai.app/athletic/photo-real-salon-athletic-nails-1b57ce07,2025-10-16
https://www.nailartai.app/gym/photo-real-salon-gym-nails-1803a70d,2025-10-16
https://www.nailartai.app/galaxy/photo-real-salon-galaxy-nails-ddb8c494,2025-10-16
https://www.nailartai.app/rhinestone/gorgeous-photo-real-salon-rhinestone-nails-66ae7f9b,2025-10-16
https://www.nailartai.app/summer/tropical-summer-green-pink-flowers-gold-summer-nails-260b4ff2,2025-10-16
https://www.nailartai.app/work/photo-real-salon-work-nails-80eb7598,2025-10-16
https://www.nailartai.app/wedding/sophisticated-photo-real-salon-wedding-nails-672e9d27,2025-10-16
https://www.nailartai.app/nail-art/season/summer,2025-10-16
https://www.nailartai.app/3d/sophisticated-photo-real-salon-3d-nails-13392843,2025-10-16
https://www.nailartai.app/mermaid/photo-real-salon-mermaid-nails-036da964,2025-10-16
https://www.nailartai.app/stiletto-length/photo-real-salon-stiletto-length-nails-b75364e6,2025-10-16
https://www.nailartai.app/rose-gold/photo-real-salon-rose-gold-nails-5c744bbe,2025-10-16
https://www.nailartai.app/stamping/photo-real-salon-stamping-nails-97a59436,2025-10-16
https://www.nailartai.app/natural-length/photo-real-salon-natural-length-nails-8bea1043,2025-10-16
https://www.nailartai.app/fun/photo-real-salon-fun-nails-501cff0b,2025-10-16
https://www.nailartai.app/halloween-nail-art/halloween-black-white-skulls-red-blood-halloween-nails-1a7c42d8,2025-10-16
https://www.nailartai.app/rose-gold/photo-real-salon-rose-gold-nails-e4ef371a,2025-10-16
https://www.nailartai.app/dark/photo-real-salon-dark-nails-9f40811d,2025-10-16
https://www.nailartai.app/sponge/beautiful-photo-real-salon-sponge-nails-f4de86fd,2025-10-16
https://www.nailartai.app/date-night/photo-real-salon-date-night-nails-1c1d1292,2025-10-16
https://www.nailartai.app/extended/photo-real-salon-extended-nails-78ccb505,2025-10-16
https://www.nailartai.app/medium-nails/photo-real-salon-medium-nails-nails-ff7f3464,2025-10-16
https://www.nailartai.app/work/stunning-photo-real-salon-work-nails-4ea54dcb,2025-10-16
https://www.nailartai.app/holographic/stunning-photo-real-salon-holographic-nails-d8443495,2025-10-16
https://www.nailartai.app/bridal/stunning-photo-real-salon-bridal-nails-3abf3a81,2025-10-16
https://www.nailartai.app/gym/photo-real-salon-gym-nails-1e40fc5f,2025-10-16
https://www.nailartai.app/clear/photo-real-salon-clear-nails-66950693,2025-10-16
https://www.nailartai.app/princess/photo-real-salon-princess-nails-a75e4cd3,2025-10-16
https://www.nailartai.app/reverse-french/gorgeous-photo-real-salon-reverse-french-nails-cda2dc3c,2025-10-16
https://www.nailartai.app/abstract/black-white-shapes-rainbow-glitter-abstract-nails-b1ddb0c1,2025-10-16
https://www.nailartai.app/holiday/beautiful-photo-real-salon-holiday-nails-4c27f5df,2025-10-16
https://www.nailartai.app/halloween/spooky-halloween-black-orange-pumpkins-green-halloween-nails-ec4a2500,2025-10-16
https://www.nailartai.app/extended/photo-real-salon-extended-nails-52d998b4,2025-10-16
https://www.nailartai.app/coral/photo-real-salon-coral-nails-281eb340,2025-10-16
https://www.nailartai.app/foil/photo-real-salon-foil-nails-d3ff9016,2025-10-16
https://www.nailartai.app/sponging/beautiful-photo-real-salon-sponging-nails-131d1602,2025-10-16
https://www.nailartai.app/design/sophisticated-photo-real-salon-reverse-french-nails,2025-10-16
https://www.nailartai.app/conference/photo-real-salon-conference-nails-2747377f,2025-10-16
https://www.nailartai.app/chrome/photo-real-salon-chrome-nails-b4487814,2025-10-16
https://www.nailartai.app/spring/photo-real-salon-spring-nails-399aa3c2,2025-10-16
https://www.nailartai.app/sponging/photo-real-salon-sponging-nails-a3f4a55d,2025-10-16
https://www.nailartai.app/halloween/black-green-witch-hats-purple-glitter-halloween-nails-6d1acc0b,2025-10-16
https://www.nailartai.app/design/ocean-waves,2025-10-16
https://www.nailartai.app/foil/photo-real-salon-foil-nails-dcbbf3dc,2025-10-16
https://www.nailartai.app/gradient/photo-real-salon-gradient-nails-3e5fc0d0,2025-10-16
https://www.nailartai.app/watercolor/photo-real-salon-watercolor-nails-402d7e72,2025-10-16
https://www.nailartai.app/stripes/photo-real-salon-stripes-nails-7161d45c,2025-10-16
https://www.nailartai.app/hand-painting/photo-real-salon-hand-painting-nails-a551722e,2025-10-16
https://www.nailartai.app/christmas-nail-art/green-gradient-gold-star-ring-finger-christmas-nails-8500f02b,2025-10-16
https://www.nailartai.app/chrome/photo-real-salon-chrome-nails-84cb4a2f,2025-10-16
https://www.nailartai.app/french-manicure/photo-real-salon-french-manicure-nails-c461ceec,2025-10-16
https://www.nailartai.app/autumn/fall-warm-brown-red-yellow-leaves-autumn-nails-bfc6be4b,2025-10-16
https://www.nailartai.app/casual/photo-real-salon-casual-nails-337e3422,2025-10-16
https://www.nailartai.app/rhinestone/beautiful-photo-real-salon-rhinestone-nails-07e2b5a6,2025-10-16
https://www.nailartai.app/hand-painting/photo-real-salon-hand-painting-nails-1aaabf01,2025-10-16
https://www.nailartai.app/stripes/photo-real-salon-stripes-nails-fa3a123e,2025-10-16
https://www.nailartai.app/detailing/photo-real-salon-detailing-nails-6146e705,2025-10-16
https://www.nailartai.app/floral/photo-real-salon-floral-nails-dd700ef5,2025-10-16
https://www.nailartai.app/shopping/photo-real-salon-shopping-nails-f8d1ed6d,2025-10-16
https://www.nailartai.app/floral/photo-real-salon-floral-nails-7237baf2,2025-10-16
https://www.nailartai.app/watercolor/photo-real-salon-watercolor-nails-ae46b33b,2025-10-16
https://www.nailartai.app/chevron/photo-real-salon-chevron-nails-f4c5b045,2025-10-16
https://www.nailartai.app/purple/lavender-chrome-aura-purple-nails-b9c6b2dd,2025-10-16
https://www.nailartai.app/pink/photo-real-salon-pink-nails-93843e9c,2025-10-16
https://www.nailartai.app/watercolor/sophisticated-photo-real-salon-watercolor-nails-43fe52eb,2025-10-16
https://www.nailartai.app/polka-dots/photo-real-salon-polka-dots-nails-286fd8db,2025-10-16
https://www.nailartai.app/nail-art-gallery/category/Preppie,2025-10-16
https://www.nailartai.app/design/ink-drop-noir,2025-10-16
https://www.nailartai.app/burgundy/photo-real-salon-burgundy-nails-ed8773c9,2025-10-16
https://www.nailartai.app/sponge/photo-real-salon-sponge-nails-111f5c8b,2025-10-16
https://www.nailartai.app/birthday/photo-real-salon-birthday-nails-63ca974c,2025-10-16
https://www.nailartai.app/thermal/photo-real-salon-thermal-nails-d703e02f,2025-10-16
https://www.nailartai.app/round/photo-real-salon-round-nails-df347e25,2025-10-16
https://www.nailartai.app/stiletto/photo-real-salon-stiletto-nails-64d95478,2025-10-15
https://www.nailartai.app/holographic/photo-real-salon-holographic-nails-837b8639,2025-10-15
https://www.nailartai.app/abstract/abstract-blue-yellow-shapes-gold-abstract-nails-93073a37,2025-10-15
https://www.nailartai.app/chrome/photo-real-salon-chrome-nails-ab6e2a67,2025-10-15
https://www.nailartai.app/christmas-nail-art/french-christmas-nude-red-gold-lights-christmas-nails-0e4a63a9,2025-10-15
https://www.nailartai.app/magenta/photo-real-salon-magenta-nails-100fb400,2025-10-15
https://www.nailartai.app/stripes/sophisticated-photo-real-salon-stripes-nails-024c9785,2025-10-15
https://www.nailartai.app/brunch/photo-real-salon-brunch-nails-c8bc1ca3,2025-10-15
https://www.nailartai.app/nail-art-gallery/category/Vacation,2025-10-15
https://www.nailartai.app/autumn/orange-brown-leaves-gold-pumpkin-autumn-nails-08297b68,2025-10-15
https://www.nailartai.app/nail-style/milky-chrome-swirls-nail-style-nails-d6686c07,2025-10-15
https://www.nailartai.app/christmas-nail-art/cable-knit-red-white-stripes-gold-christmas-nails-d22fcbf5,2025-10-15
https://www.nailartai.app/floral/photo-real-salon-floral-nails-94cc7460,2025-10-15
https://www.nailartai.app/marble/photo-real-salon-marble-nails-96840dec,2025-10-15
https://www.nailartai.app/abstract/purple-yellow-gold-glitter-abstract-nails-6f2b550d,2025-10-15
https://www.nailartai.app/winter/photo-real-salon-winter-nails-863a5f94,2025-10-15
https://www.nailartai.app/christmas-nail-art/silver-snowflakes-red-berries-gold-glitter-christmas-nails-a1b6dc51,2025-10-15
https://www.nailartai.app/embellished/photo-real-salon-embellished-nails-319ca460,2025-10-15
https://www.nailartai.app/blue/french-cobalt-blue-chrome-blue-nails-783d7d75,2025-10-15
https://www.nailartai.app/pink/photo-real-salon-pink-nails-6a8693de,2025-10-15
https://www.nailartai.app/sponging/photo-real-salon-sponging-nails-38e2fbf9,2025-10-15
https://www.nailartai.app/reverse-french/beautiful-photo-real-salon-reverse-french-nails-2987e071,2025-10-15
https://www.nailartai.app/design/photo-real-salon-spring-wedding-nails,2025-10-15
https://www.nailartai.app/french-tips/photo-real-salon-french-tips-nails-bead02d1,2025-10-15
https://www.nailartai.app/cat-eye/beautiful-photo-real-salon-cat-eye-nails-050df628,2025-10-15
https://www.nailartai.app/polka-dots/gorgeous-photo-real-salon-polka-dots-nails-f5ce0831,2025-10-15
"https://www.nailartai.app/nail-art/any-(works-well-on-almond,-square,-or-oval)",2025-10-15
https://www.nailartai.app/thermal/beautiful-photo-real-salon-thermal-nails-0d6bc78c,2025-10-15
https://www.nailartai.app/detailing/photo-real-salon-detailing-nails-6381959e,2025-10-15
https://www.nailartai.app/detailing/photo-real-salon-detailing-nails-cbe0bf02,2025-10-15
https://www.nailartai.app/winter/sophisticated-photo-real-salon-winter-nails-e4d27a25,2025-10-15
https://www.nailartai.app/try-on?design=7b64aaf0-c3d5-44e1-8161-956b55108c8c,2025-10-15
https://www.nailartai.app/christmas-nail-art/cable-knit-red-white-stripes-gold-christmas-nails-98dcdf94,2025-10-15
https://www.nailartai.app/american/photo-real-salon-american-nails-f1564894,2025-10-15
https://www.nailartai.app/design/halloween-black-white-skulls-red-blood-halloween-nails,2025-10-15
https://www.nailartai.app/design/abstract-red-blue-shapes-silver-abstract-nails,2025-10-15
https://www.nailartai.app/3d/photo-real-salon-3d-nails-47a4c938,2025-10-15
https://www.nailartai.app/design/tropical-summer-pink-green-palm-leaves-summer-nails,2025-10-15
https://www.nailartai.app/party/sophisticated-photo-real-salon-party-nails-10183695,2025-10-15
https://www.nailartai.app/bridal/beautiful-photo-real-salon-bridal-nails-12bc726e,2025-10-15
https://www.nailartai.app/abstract/colorful-geometric-shapes-brush-strokes-abstract-nails-c01adf39,2025-10-15
https://www.nailartai.app/galaxy/photo-real-salon-galaxy-nails-96b0f0e5,2025-10-15
https://www.nailartai.app/galaxy/photo-real-salon-galaxy-nails-c6387b3f,2025-10-15
https://www.nailartai.app/nail-art-gallery/category/Pearl,2025-10-15
https://www.nailartai.app/office/photo-real-salon-office-nails-a19db8c9,2025-10-15
https://www.nailartai.app/aurora/beautiful-photo-real-salon-aurora-nails-23f9caee,2025-10-15
https://www.nailartai.app/champagne/photo-real-salon-champagne-nails-69fb7669,2025-10-15
https://www.nailartai.app/half-moon/photo-real-salon-half-moon-nails-d00e90ea,2025-10-15
https://www.nailartai.app/cat-eye/gorgeous-photo-real-salon-cat-eye-nails-b2887151,2025-10-15
https://www.nailartai.app/thermal/beautiful-photo-real-salon-thermal-nails-7cf7962b,2025-10-15
https://www.nailartai.app/birthday/photo-real-salon-birthday-nails-53a4f6e5,2025-10-15
https://www.nailartai.app/romantic/photo-real-salon-romantic-nails-49c86ddd,2025-10-15
https://www.nailartai.app/aurora/stunning-photo-real-salon-aurora-nails-84bef32c,2025-10-15
https://www.nailartai.app/champagne/photo-real-salon-champagne-nails-0cee7cb5,2025-10-15
https://www.nailartai.app/detailing/gorgeous-photo-real-salon-detailing-nails-08ac1dac,2025-10-15
https://www.nailartai.app/mermaid/photo-real-salon-mermaid-nails-7b7ce5f3,2025-10-15
https://www.nailartai.app/kawaii/photo-real-salon-kawaii-nails-08fcf86a,2025-10-15
https://www.nailartai.app/long-nails/photo-real-salon-long-nails-nails-be788ebb,2025-10-15
https://www.nailartai.app/pink/gorgeous-photo-real-salon-pink-nails-408e2e8a,2025-10-15
https://www.nailartai.app/winter/stunning-photo-real-salon-winter-nails-b0e09a89,2025-10-15
https://www.nailartai.app/navy/photo-real-salon-navy-nails-051c580f,2025-10-15
https://www.nailartai.app/turquoise/photo-real-salon-turquoise-nails-25a4eaa7,2025-10-15
https://www.nailartai.app/spring/sophisticated-photo-real-salon-spring-nails-802d31f3,2025-10-15
https://www.nailartai.app/thermal/stunning-photo-real-salon-thermal-nails-ee007421,2025-10-15
https://www.nailartai.app/nail-art-gallery/category/Flair,2025-10-15
https://www.nailartai.app/blue/blue-watercolor-white-swirls-blue-nails-0e1cc902,2025-10-15
https://www.nailartai.app/date-night/gorgeous-photo-real-salon-date-night-nails-fe53b653,2025-10-15
https://www.nailartai.app/negative-space/stunning-photo-real-salon-negative-space-nails-c7028d58,2025-10-15
https://www.nailartai.app/polka-dots/stunning-photo-real-salon-polka-dots-nails-642dc8f3,2025-10-15
https://www.nailartai.app/champagne/photo-real-salon-champagne-nails-3a5bc637,2025-10-15
https://www.nailartai.app/mermaid/sophisticated-photo-real-salon-mermaid-nails-f5e4b9e9,2025-10-15
https://www.nailartai.app/fun/photo-real-salon-fun-nails-c468f2ca,2025-10-15
https://www.nailartai.app/halloween-nail-art/black-orange-pumpkins-white-ghost-silhouettes-halloween-nails-a574b6c3,2025-10-15
https://www.nailartai.app/summer-nail-art/bright-coral-white-palm-trees-gold-summer-nails-8f50a043,2025-10-15
https://www.nailartai.app/extended-length/photo-real-salon-extended-length-nails-d175b664,2025-10-15
https://www.nailartai.app/holographic/beautiful-photo-real-salon-holographic-nails-42fe71da,2025-10-15
https://www.nailartai.app/christmas/cable-knit-red-white-stripes-gold-christmas-nails-297e3936,2025-10-15
https://www.nailartai.app/mermaid/photo-real-salon-mermaid-nails-11467683,2025-10-15
https://www.nailartai.app/half-moon/stunning-photo-real-salon-half-moon-nails-cca0374b,2025-10-15
https://www.nailartai.app/holiday/sophisticated-photo-real-salon-holiday-nails-f9e07935,2025-10-15
https://www.nailartai.app/detailing/beautiful-photo-real-salon-detailing-nails-13f7fbe3,2025-10-15
https://www.nailartai.app/christmas-nail-art/gold-red-christmas-metallic-ornaments-sparkly-christmas-nails-bc59666a,2025-10-15
https://www.nailartai.app/holographic/gorgeous-photo-real-salon-holographic-nails-90812695,2025-10-14
https://www.nailartai.app/design/gold-red-christmas-metallic-ornaments-sparkly-christmas-nails,2025-10-14
https://www.nailartai.app/bronze/photo-real-salon-bronze-nails-0d716e81,2025-10-14
"https://www.nailartai.app/nail-art/can-be-adapted-to-any-shape,-but-looks-particularly-striking-on-almond-or-stiletto-nails.",2025-10-14
"https://www.nailartai.app/nail-art/can-be-adapted-to-any-shape,-but-looks-particularly-striking-on-almond-or-stiletto-nails.",2025-10-14
https://www.nailartai.app/pink/gorgeous-photo-real-salon-pink-nails-83de439c,2025-10-14
https://www.nailartai.app/nail-art/trending,2025-10-14
https://www.nailartai.app/beige/photo-real-salon-beige-nails-c6fe64ab,2025-10-14
https://www.nailartai.app/rhinestone/sophisticated-photo-real-salon-rhinestone-nails-d417119d,2025-10-14
https://www.nailartai.app/long-nails/photo-real-salon-long-nails-nails-0dbcdba1,2025-10-14
https://www.nailartai.app/princess/photo-real-salon-princess-nails-eacdfee5,2025-10-14
https://www.nailartai.app/try-on?design=787ee429-93be-45de-9b10-d85c37f88d85,2025-10-14
https://www.nailartai.app/try-on?design=550ab2a6-c165-44ac-a8e4-08de34241007,2025-10-14
https://www.nailartai.app/,2025-10-14
https://www.nailartai.app/princess/photo-real-salon-princess-nails-7660bde9,2025-10-14
https://www.nailartai.app/pearl/photo-real-salon-pearl-nails-14d18ef2,2025-10-14
https://www.nailartai.app/design/photo-real-salon-magnetic-nails,2025-10-14
https://www.nailartai.app/design/sophisticated-photo-real-salon-negative-space-nails,2025-10-14
https://www.nailartai.app/winter/beautiful-photo-real-salon-winter-nails-95d39658,2025-10-14
https://www.nailartai.app/autumn/fall-warm-brown-red-yellow-leaves-autumn-nails-ff8d491f,2025-10-14
https://www.nailartai.app/summer/orange-yellow-sun-white-seagull-silhouettes-summer-nails-79d8665a,2025-10-14
https://www.nailartai.app/lime/photo-real-salon-lime-nails-d522ecf0,2025-10-14
https://www.nailartai.app/summer-wedding/photo-real-salon-summer-wedding-nails-2e34c19b,2025-10-14
"https://www.nailartai.app/nail-art/square,-almond,-or-oval",2025-10-14
https://www.nailartai.app/wedding/photo-real-salon-wedding-nails-b890b02a,2025-10-14
https://www.nailartai.app/spring/beautiful-photo-real-salon-spring-nails-5436cea3,2025-10-14
https://www.nailartai.app/stamping/stunning-photo-real-salon-stamping-nails-57b6400f,2025-10-14
https://www.nailartai.app/abstract/abstract-pink-blue-gold-metallic-abstract-nails-fd8ff19c,2025-10-14
https://www.nailartai.app/ocean/photo-real-salon-ocean-nails-dc2d7533,2025-10-14
https://www.nailartai.app/almond/photo-real-salon-almond-nails-345b270a,2025-10-14
https://www.nailartai.app/design/photo-real-salon-medium-nails,2025-10-14
https://www.nailartai.app/design/yellow-orange-sun-white-cloud-summer-nails,2025-10-14
https://www.nailartai.app/bridesmaid/beautiful-photo-real-salon-bridesmaid-nails-44fcd64c,2025-10-14
https://www.nailartai.app/design/beautiful-photo-real-salon-foil-nails,2025-10-14
https://www.nailartai.app/holiday/beautiful-photo-real-salon-holiday-nails-e7ef50a9,2025-10-14
https://www.nailartai.app/christmas-nail-art,2025-10-14
https://www.nailartai.app/cute/photo-real-salon-cute-nails-fdf94073,2025-10-14
https://www.nailartai.app/purple/purple-ombr-silver-glitter-purple-nails-b0b307d6,2025-10-14
https://www.nailartai.app/space/photo-real-salon-space-nails-1a0a1faa,2025-10-14
https://www.nailartai.app/spring-break/photo-real-salon-spring-break-nails-a6f5f79c,2025-10-14
https://www.nailartai.app/autumn/fall-deep-red-yellow-leaves-brown-autumn-nails-43da03af,2025-10-14
https://www.nailartai.app/winter-holidays/photo-real-salon-winter-holidays-nails-b459843f,2025-10-14
https://www.nailartai.app/interview/photo-real-salon-interview-nails-362da73f,2025-10-14
https://www.nailartai.app/design/gorgeous-photo-real-salon-work-nails,2025-10-14
https://www.nailartai.app/rhinestone/stunning-photo-real-salon-rhinestone-nails-048cf387,2025-10-14
https://www.nailartai.app/medium/photo-real-salon-medium-nails-ae150444,2025-10-14
https://www.nailartai.app/foil/beautiful-photo-real-salon-foil-nails-065dcb51,2025-10-14
https://www.nailartai.app/summer-nail-art/orange-yellow-sun-white-seagull-silhouettes-summer-nails-b588f15c,2025-10-14
https://www.nailartai.app/design/photo-real-salon-preppy-nails,2025-10-14
https://www.nailartai.app/glitter-application/beautiful-photo-real-salon-glitter-application-nails-a262210d,2025-10-14
https://www.nailartai.app/design/photo-real-salon-fun-nails,2025-10-14
https://www.nailartai.app/square/photo-real-salon-square-nails-16b1076d,2025-10-14
https://www.nailartai.app/autumn/brown-orange-pumpkins-gold-autumn-leaves-autumn-nails-f46f5223,2025-10-14
https://www.nailartai.app/design/photo-real-salon-animal-print-nails,2025-10-14
https://www.nailartai.app/beach/photo-real-salon-beach-nails-3bd043a4,2025-10-14
https://www.nailartai.app/gothic/photo-real-salon-gothic-nails-fad21481,2025-10-14
https://www.nailartai.app/ombre/gorgeous-photo-real-salon-ombre-nails-c2886d61,2025-10-14
https://www.nailartai.app/elegant/photo-real-salon-elegant-nails-f7ff5a58,2025-10-14
https://www.nailartai.app/design/photo-real-salon-elegant-nails,2025-10-14
https://www.nailartai.app/bridal/photo-real-salon-bridal-nails-115bfd3d,2025-10-14
https://www.nailartai.app/design/french-nude-white-gold-dots-french-nails,2025-10-14
https://www.nailartai.app/pink/beautiful-photo-real-salon-pink-nails-0a2e415d,2025-10-14
https://www.nailartai.app/bronze/photo-real-salon-bronze-nails-13c0dca8,2025-10-14
https://www.nailartai.app/design/sophisticated-photo-real-salon-ombre-nails,2025-10-14
https://www.nailartai.app/design/stunning-photo-real-salon-stripes-nails,2025-10-14
https://www.nailartai.app/extra-long/photo-real-salon-extra-long-nails-47ba3873,2025-10-14
https://www.nailartai.app/ballerina/photo-real-salon-ballerina-nails-24a5cbeb,2025-10-14
https://www.nailartai.app/design/photo-real-salon-short-nails-nails,2025-10-14
https://www.nailartai.app/french-tips/gorgeous-photo-real-salon-french-tips-nails-488517a2,2025-10-14
https://www.nailartai.app/copper/photo-real-salon-copper-nails-1924cf30,2025-10-14
https://www.nailartai.app/design/black-white-shapes-rainbow-glitter-abstract-nails,2025-10-14
https://www.nailartai.app/chevron/photo-real-salon-chevron-nails-a33a8a22,2025-10-14
https://www.nailartai.app/yoga/photo-real-salon-yoga-nails-9bc6d240,2025-10-14
https://www.nailartai.app/design/photo-real-salon-natural-length-nails,2025-10-14
https://www.nailartai.app/design/photo-real-salon-dark-nails,2025-10-14
https://www.nailartai.app/design/sophisticated-photo-real-salon-holiday-nails,2025-10-14
https://www.nailartai.app/design/photo-real-salon-rose-gold-nails,2025-10-14
https://www.nailartai.app/design/colorful-butterfly-pink-orange-wings-gold-butterfly-nails,2025-10-14
https://www.nailartai.app/design/sophisticated-photo-real-salon-chrome-nails,2025-10-14
https://www.nailartai.app/sponge/sophisticated-photo-real-salon-sponge-nails-bac0fd1f,2025-10-14
https://www.nailartai.app/design/photo-real-salon-glamour-nails,2025-10-14
https://www.nailartai.app/design/black-green-witch-hats-purple-glitter-halloween-nails,2025-10-14
https://www.nailartai.app/design/gorgeous-photo-real-salon-holiday-nails,2025-10-14
https://www.nailartai.app/date-night/photo-real-salon-date-night-nails-bc1388f7,2025-10-14
https://www.nailartai.app/summer-vacation/photo-real-salon-summer-vacation-nails-8b6dd3d6,2025-10-14
https://www.nailartai.app/abstract/black-white-shapes-rainbow-glitter-abstract-nails-0acea6d7,2025-10-14
https://www.nailartai.app/beach/sophisticated-photo-real-salon-beach-nails-a9448247,2025-10-14
https://www.nailartai.app/royal/photo-real-salon-royal-nails-c3ad49d1,2025-10-14
https://www.nailartai.app/design/photo-real-salon-foil-nails,2025-10-14
https://www.nailartai.app/gray/photo-real-salon-gray-nails-752081b1,2025-10-14
https://www.nailartai.app/polka-dots/sophisticated-photo-real-salon-polka-dots-nails-93458b5f,2025-10-14
https://www.nailartai.app/unicorn/sophisticated-photo-real-salon-unicorn-nails-e0d2a3c3,2025-10-14
https://www.nailartai.app/techniques/gel-polish,2025-10-14
https://www.nailartai.app/queen/photo-real-salon-queen-nails-ca512143,2025-10-14
https://www.nailartai.app/design/sophisticated-photo-real-salon-galaxy-nails,2025-10-14
https://www.nailartai.app/wedding/beautiful-photo-real-salon-wedding-nails-d12fc2e7,2025-10-14
https://www.nailartai.app/spring-break/photo-real-salon-spring-break-nails-d929a714,2025-10-14
https://www.nailartai.app/ombre/sophisticated-photo-real-salon-ombre-nails-f024823d,2025-10-14
https://www.nailartai.app/summer-vacation/photo-real-salon-summer-vacation-nails-e14d69ba,2025-10-14
https://www.nailartai.app/design/red-gold-glitter-snowflake-christmas-tree-christmas-nails,2025-10-14
https://www.nailartai.app/polka-dots/sophisticated-photo-real-salon-polka-dots-nails-c66054b4,2025-10-14
https://www.nailartai.app/christmas-eve/photo-real-salon-christmas-eve-nails-6bb9c7b0,2025-10-14
https://www.nailartai.app/winter/photo-real-salon-winter-nails-0bddc218,2025-10-14
https://www.nailartai.app/3d/beautiful-photo-real-salon-3d-nails-68f573c0,2025-10-14
https://www.nailartai.app/magnetic/gorgeous-photo-real-salon-magnetic-nails-fbe95ce0,2025-10-14
https://www.nailartai.app/nail-style/matte-black-silver-foil-nail-style-nails-37ba2303,2025-10-14
https://www.nailartai.app/geometric/gorgeous-photo-real-salon-geometric-nails-5611f35f,2025-10-14
https://www.nailartai.app/christmas/red-gold-glitter-snowflake-christmas-tree-christmas-nails-b863da58,2025-10-14
https://www.nailartai.app/sponge/sophisticated-photo-real-salon-sponge-nails-0f339cef,2025-10-14
https://www.nailartai.app/design/matte-black-silver-foil-nail-style-nails,2025-10-14
https://www.nailartai.app/embellished/sophisticated-photo-real-salon-embellished-nails-7b9f02f7,2025-10-14
https://www.nailartai.app/galaxy/photo-real-salon-galaxy-nails-be18c4da,2025-10-14
https://www.nailartai.app/holiday/sophisticated-photo-real-salon-holiday-nails-1742ac60,2025-10-14
https://www.nailartai.app/aurora/stunning-photo-real-salon-aurora-nails-8f558c64,2025-10-14
https://www.nailartai.app/rhinestone/gorgeous-photo-real-salon-rhinestone-nails-a352814c,2025-10-14
https://www.nailartai.app/design/beautiful-photo-real-salon-magnetic-nails,2025-10-14
https://www.nailartai.app/summer-nail-art/summer-blue-white-clouds-yellow-sun-summer-nails-93505a4b,2025-10-14
https://www.nailartai.app/foil/stunning-photo-real-salon-foil-nails-fde8e6e0,2025-10-14
https://www.nailartai.app/design/geometric-designs-black-white-designs-nails,2025-10-14
https://www.nailartai.app/design/maple-leaf-nude-gold-thanksgiving-nails,2025-10-14
https://www.nailartai.app/design/stunning-photo-real-salon-wedding-nails,2025-10-14
https://www.nailartai.app/extended-length/photo-real-salon-extended-length-nails-4f7a8bc6,2025-10-14
https://www.nailartai.app/design/traditional-japanese-temple-gold-red-colors-japanese-nails,2025-10-14
https://www.nailartai.app/grunge/photo-real-salon-grunge-nails-b940ed49,2025-10-14
https://www.nailartai.app/design/trendy-designs-chrome-designs-nails,2025-10-14
https://www.nailartai.app/burgundy/photo-real-salon-burgundy-nails-bd28515e,2025-10-14
https://www.nailartai.app/art-deco/stunning-photo-real-salon-art-deco-nails-d636848a,2025-10-14
https://www.nailartai.app/design/french-cobalt-blue-chrome-blue-nails,2025-10-14
https://www.nailartai.app/classic/photo-real-salon-classic-nails-55f8c931,2025-10-14
https://www.nailartai.app/bridal/beautiful-photo-real-salon-bridal-nails-c23b5482,2025-10-14
https://www.nailartai.app/halloween/orange-black-stripes-white-ghosts-halloween-nails-edfcf951,2025-10-14
https://www.nailartai.app/short-nails/photo-real-salon-short-nails-nails-149484c6,2025-10-14
https://www.nailartai.app/art-deco/gorgeous-photo-real-salon-art-deco-nails-2d174efc,2025-10-14
https://www.nailartai.app/date-night/beautiful-photo-real-salon-date-night-nails-830014f9,2025-10-14
https://www.nailartai.app/feminine/photo-real-salon-feminine-nails-76fe4d0b,2025-10-14
https://www.nailartai.app/cat-eye/photo-real-salon-cat-eye-nails-a660c33b,2025-10-14
https://www.nailartai.app/design/photo-real-salon-kawaii-nails,2025-10-14
https://www.nailartai.app/design/photo-real-salon-winter-wedding-nails,2025-10-14
https://www.nailartai.app/spring/photo-real-salon-spring-nails-a6a2c82b,2025-10-14
https://www.nailartai.app/unicorn/photo-real-salon-unicorn-nails-18079626,2025-10-14
https://www.nailartai.app/summer-nail-art/summer-blue-white-clouds-yellow-sun-summer-nails-77b7c62d,2025-10-14
https://www.nailartai.app/unicorn/photo-real-salon-unicorn-nails-3e2883d0,2025-10-14
https://www.nailartai.app/design/gorgeous-photo-real-salon-geometric-nails,2025-10-14
https://www.nailartai.app/chrome/beautiful-photo-real-salon-chrome-nails-1c5f3d45,2025-10-14
https://www.nailartai.app/design/photo-real-salon-sporty-nails,2025-10-14
https://www.nailartai.app/turquoise/photo-real-salon-turquoise-nails-0b4c8bc6,2025-10-14
https://www.nailartai.app/autumn/fall-orange-brown-tree-bark-gold-autumn-nails-7beb9362,2025-10-14
https://www.nailartai.app/summer-nail-art/tropical-summer-pink-green-palm-leaves-summer-nails-0e102cd4,2025-10-14
https://www.nailartai.app/boho/photo-real-salon-boho-nails-eb480527,2025-10-14
https://www.nailartai.app/round/photo-real-salon-round-nails-a5ad5b6b,2025-10-14
https://www.nailartai.app/almond-length/photo-real-salon-almond-length-nails-9e33441b,2025-10-14
https://www.nailartai.app/space/photo-real-salon-space-nails-e73c695e,2025-10-14
https://www.nailartai.app/wedding/photo-real-salon-wedding-nails-9ae10e8d,2025-10-14
https://www.nailartai.app/bridesmaid/photo-real-salon-bridesmaid-nails-4875ac3a,2025-10-14
https://www.nailartai.app/ballerina/photo-real-salon-ballerina-nails-4bf4b122,2025-10-14
https://www.nailartai.app/vintage/photo-real-salon-vintage-nails-ca986dc1,2025-10-14
https://www.nailartai.app/design/photo-real-salon-pink-nails,2025-10-14
https://www.nailartai.app/party/stunning-photo-real-salon-party-nails-35dafc38,2025-10-14
https://www.nailartai.app/chevron/photo-real-salon-chevron-nails-7881faca,2025-10-14
https://www.nailartai.app/design/beautiful-photo-real-salon-art-deco-nails,2025-10-14
https://www.nailartai.app/date-night/gorgeous-photo-real-salon-date-night-nails-45552a47,2025-10-14
https://www.nailartai.app/champagne/photo-real-salon-champagne-nails-45a48150,2025-10-14
https://www.nailartai.app/design/creepy-halloween-black-white-bones-red-halloween-nails,2025-10-14
https://www.nailartai.app/champagne/photo-real-salon-champagne-nails-3512be7e,2025-10-14
https://www.nailartai.app/design/photo-real-salon-navy-nails,2025-10-14
https://www.nailartai.app/design/photo-real-salon-mermaid-nails,2025-10-14
https://www.nailartai.app/design/photo-real-salon-marble-nails,2025-10-14
https://www.nailartai.app/holographic/sophisticated-photo-real-salon-holographic-nails-af0db434,2025-10-14
https://www.nailartai.app/long/photo-real-salon-long-nails-9c38c9c3,2025-10-14
https://www.nailartai.app/design/sophisticated-photo-real-salon-half-moon-nails,2025-10-14
https://www.nailartai.app/design/stunning-photo-real-salon-3d-nails,2025-10-14
https://www.nailartai.app/back-to-school/photo-real-salon-back-to-school-nails-d0f28bba,2025-10-14
https://www.nailartai.app/watercolor/stunning-photo-real-salon-watercolor-nails-9cbe1f18,2025-10-14
https://www.nailartai.app/summer/tropical-summer-turquoise-pink-flamingos-white-summer-nails-a4c74251,2025-10-14
https://www.nailartai.app/holiday-season/photo-real-salon-holiday-season-nails-6defe133,2025-10-14
https://www.nailartai.app/design/photo-real-salon-french-tips-nails,2025-10-14
https://www.nailartai.app/design/sophisticated-photo-real-salon-geometric-nails,2025-10-14
https://www.nailartai.app/dinner/photo-real-salon-dinner-nails-68e1963c,2025-10-14
https://www.nailartai.app/cat-eye/beautiful-photo-real-salon-cat-eye-nails-a416f9e1,2025-10-14
https://www.nailartai.app/design/beautiful-photo-real-salon-aurora-nails,2025-10-14
https://www.nailartai.app/design/orange-brown-leaves-gold-pumpkin-autumn-nails,2025-10-14
https://www.nailartai.app/nail-colors/pink,2025-10-14
https://www.nailartai.app/ombre/beautiful-photo-real-salon-ombre-nails-a8c196d7,2025-10-14
https://www.nailartai.app/design/photo-real-salon-almond-nails,2025-10-14
https://www.nailartai.app/minimalist/nude-white-polka-dots-minimalist-nails-1f02efc0,2025-10-14
https://www.nailartai.app/thermal/photo-real-salon-thermal-nails-7525a23f,2025-10-14
https://www.nailartai.app/aurora/photo-real-salon-aurora-nails-f1f525b4,2025-10-14
https://www.nailartai.app/chrome/stunning-photo-real-salon-chrome-nails-a0c28f87,2025-10-14
https://www.nailartai.app/design/sophisticated-photo-real-salon-3d-nails,2025-10-14
https://www.nailartai.app/coral/photo-real-salon-coral-nails-02fed36c,2025-10-14
https://www.nailartai.app/french-tips/stunning-photo-real-salon-french-tips-nails-f57cf5b8,2025-10-14
https://www.nailartai.app/glitter-application/gorgeous-photo-real-salon-glitter-application-nails-6cecfacb,2025-10-14
https://www.nailartai.app/design/photo-real-salon-long-nails-nails,2025-10-14
https://www.nailartai.app/transparent/photo-real-salon-transparent-nails-442ab66f,2025-10-14
https://www.nailartai.app/christmas/short-square-festive-red-green-christmas-christmas-nails-46132a11,2025-10-14
https://www.nailartai.app/design/rainbow-colors-flowing-lines-abstract-nails,2025-10-14
https://www.nailartai.app/design/stunning-photo-real-salon-detailing-nails,2025-10-14
https://www.nailartai.app/japanese/traditional-japanese-temple-gold-red-colors-japanese-nails-cb116bf7,2025-10-14
https://www.nailartai.app/romantic/photo-real-salon-romantic-nails-54d6f350,2025-10-14
https://www.nailartai.app/halloween/black-orange-pumpkins-white-ghost-silhouettes-halloween-nails-b5628f76,2025-10-14
https://www.nailartai.app/design/gorgeous-photo-real-salon-stamping-nails,2025-10-14
https://www.nailartai.app/dark/photo-real-salon-dark-nails-6d505595,2025-10-14
https://www.nailartai.app/summer-nail-art/summer-blue-white-clouds-yellow-sun-summer-nails-49ebf589,2025-10-14
https://www.nailartai.app/beige/photo-real-salon-beige-nails-8f3cfdaf,2025-10-14
https://www.nailartai.app/negative-space/beautiful-photo-real-salon-negative-space-nails-32b12bb2,2025-10-14
https://www.nailartai.app/preppy/photo-real-salon-preppy-nails-80ed75b8,2025-10-14
https://www.nailartai.app/extended-length/photo-real-salon-extended-length-nails-8c3d8b4e,2025-10-14
https://www.nailartai.app/halloween/spooky-halloween-black-orange-pumpkins-green-halloween-nails-9e4d46cf,2025-10-14
https://www.nailartai.app/autumn/autumn-warm-red-yellow-leaves-brown-autumn-nails-8824fe1d,2025-10-14
https://www.nailartai.app/mermaid/photo-real-salon-mermaid-nails-95159674,2025-10-14
https://www.nailartai.app/pink/photo-real-salon-pink-nails-1546d3ba,2025-10-14
https://www.nailartai.app/punk/photo-real-salon-punk-nails-4a870947,2025-10-14
https://www.nailartai.app/design/minimal-dots-lines-spring-colors-easter-nails,2025-10-14
https://www.nailartai.app/design/gorgeous-photo-real-salon-winter-nails,2025-10-14
https://www.nailartai.app/design/photo-real-salon-fairy-nails,2025-10-14
https://www.nailartai.app/design/stunning-photo-real-salon-bridesmaid-nails,2025-10-14
https://www.nailartai.app/foil/sophisticated-photo-real-salon-foil-nails-511db658,2025-10-14
https://www.nailartai.app/lipstick/photo-real-salon-lipstick-nails-0e124e8c,2025-10-14
https://www.nailartai.app/glamorous/photo-real-salon-glamorous-nails-0e656b4d,2025-10-14
https://www.nailartai.app/summer/tropical-summer-green-pink-flowers-gold-summer-nails-bdaaabdb,2025-10-14
https://www.nailartai.app/design/cable-knit-red-white-stripes-gold-christmas-nails,2025-10-14
https://www.nailartai.app/edgy/photo-real-salon-edgy-nails-1262eced,2025-10-14
https://www.nailartai.app/squoval/photo-real-salon-squoval-nails-dff2ce0d,2025-10-14
https://www.nailartai.app/design/stunning-photo-real-salon-party-nails,2025-10-14
https://www.nailartai.app/design/sophisticated-photo-real-salon-french-manicure-nails,2025-10-14
https://www.nailartai.app/holographic/beautiful-photo-real-salon-holographic-nails-4b197f38,2025-10-14
https://www.nailartai.app/design/sophisticated-photo-real-salon-marble-nails,2025-10-14
https://www.nailartai.app/design/photo-real-salon-burgundy-nails,2025-10-14
https://www.nailartai.app/design/beautiful-photo-real-salon-spring-nails,2025-10-14
https://www.nailartai.app/french-tips/photo-real-salon-french-tips-nails-f9814a64,2025-10-14
https://www.nailartai.app/medium-nails/photo-real-salon-medium-nails-nails-a056f6b9,2025-10-14
https://www.nailartai.app/thermal/sophisticated-photo-real-salon-thermal-nails-815cf2df,2025-10-14
https://www.nailartai.app/embellished/stunning-photo-real-salon-embellished-nails-e6406b3a,2025-10-14
https://www.nailartai.app/trendy/photo-real-salon-trendy-nails-ab8889c3,2025-10-14
https://www.nailartai.app/casual/gorgeous-photo-real-salon-casual-nails-3e6e227b,2025-10-14
https://www.nailartai.app/luxury/photo-real-salon-luxury-nails-babb0608,2025-10-14
https://www.nailartai.app/design/photo-real-salon-chrome-nails,2025-10-14
https://www.nailartai.app/sponge/beautiful-photo-real-salon-sponge-nails-313b9c8e,2025-10-14
https://www.nailartai.app/brown/photo-real-salon-brown-nails-2b4014c9,2025-10-14
https://www.nailartai.app/galaxy/photo-real-salon-galaxy-nails-ae458de5,2025-10-14
https://www.nailartai.app/pearl/photo-real-salon-pearl-nails-dd185d82,2025-10-14
https://www.nailartai.app/aurora/gorgeous-photo-real-salon-aurora-nails-f14e4839,2025-10-14
https://www.nailartai.app/thermal/gorgeous-photo-real-salon-thermal-nails-83fa5579,2025-10-14
https://www.nailartai.app/spring/stunning-photo-real-salon-spring-nails-2ebbb956,2025-10-14
https://www.nailartai.app/unicorn/sophisticated-photo-real-salon-unicorn-nails-5e88a2ee,2025-10-14
https://www.nailartai.app/foil/sophisticated-photo-real-salon-foil-nails-df73d35c,2025-10-14
https://www.nailartai.app/french-tips/sophisticated-photo-real-salon-french-tips-nails-98573327,2025-10-14
https://www.nailartai.app/magnetic/gorgeous-photo-real-salon-magnetic-nails-60219a11,2025-10-14
https://www.nailartai.app/medium/photo-real-salon-medium-nails-99f593a4,2025-10-14
https://www.nailartai.app/valentine's-day/photo-real-salon-valentine's-day-nails-125107cc,2025-10-14
https://www.nailartai.app/lipstick/photo-real-salon-lipstick-nails-cae5b57c,2025-10-14
https://www.nailartai.app/design/stunning-photo-real-salon-beach-nails,2025-10-14
https://www.nailartai.app/design/sophisticated-photo-real-salon-embellished-nails,2025-10-14
https://www.nailartai.app/cat-eye/photo-real-salon-cat-eye-nails-6437cbcd,2025-10-14
https://www.nailartai.app/butterfly-nail-art/colorful-butterfly-pink-orange-wings-gold-butterfly-nails-80ed3708,2025-10-14
https://www.nailartai.app/holiday/stunning-photo-real-salon-holiday-nails-d9798c9c,2025-10-14
https://www.nailartai.app/summer-nail-art/yellow-orange-sun-white-cloud-summer-nails-4931d6c4,2025-10-14
https://www.nailartai.app/design/photo-real-salon-transparent-nails,2025-10-14
https://www.nailartai.app/oval/photo-real-salon-oval-nails-86dcff8f,2025-10-14
https://www.nailartai.app/party/gorgeous-photo-real-salon-party-nails-200e2b2c,2025-10-14
https://www.nailartai.app/birthday/photo-real-salon-birthday-nails-387773e1,2025-10-14
https://www.nailartai.app/design/red-white-candy-cane-striped-green-christmas-nails,2025-10-14
https://www.nailartai.app/office/photo-real-salon-office-nails-cf76e94b,2025-10-14
https://www.nailartai.app/purple/deep-plum-gold-foil-purple-nails-e2dd39b2,2025-10-14
https://www.nailartai.app/pink/sophisticated-photo-real-salon-pink-nails-2748be7b,2025-10-14
https://www.nailartai.app/design/stunning-photo-real-salon-winter-nails,2025-10-14
https://www.nailartai.app/christmas-day/photo-real-salon-christmas-day-nails-72bdb076,2025-10-14
https://www.nailartai.app/design/tropical-summer-green-pink-flowers-gold-summer-nails,2025-10-14
https://www.nailartai.app/european/photo-real-salon-european-nails-a8803f04,2025-10-14
https://www.nailartai.app/design/photo-real-salon-extended-length-nails,2025-10-14
https://www.nailartai.app/design/photo-real-salon-grey-nails,2025-10-14
https://www.nailartai.app/floral/photo-real-salon-floral-nails-bf9a800d,2025-10-14
https://www.nailartai.app/chevron/gorgeous-photo-real-salon-chevron-nails-36062525,2025-10-14
https://www.nailartai.app/design/tropical-summer-turquoise-pink-flamingos-white-summer-nails,2025-10-14
https://www.nailartai.app/new-year's-eve/photo-real-salon-new-year's-eve-nails-5de62dc3,2025-10-14
https://www.nailartai.app/cat-eye/photo-real-salon-cat-eye-nails-e2c2eaf5,2025-10-14
https://www.nailartai.app/winter-wedding/photo-real-salon-winter-wedding-nails-8bce3fc8,2025-10-14
https://www.nailartai.app/design/photo-real-salon-beige-nails,2025-10-14
https://www.nailartai.app/grey/photo-real-salon-grey-nails-e867a6fd,2025-10-14
https://www.nailartai.app/classic/photo-real-salon-classic-nails-377767b4,2025-10-14
https://www.nailartai.app/design/beautiful-photo-real-salon-reverse-french-nails,2025-10-14
https://www.nailartai.app/design/white-purple-butterfly-silver-glitter-wings-butterfly-nails,2025-10-14
https://www.nailartai.app/design/photo-real-salon-cocktail-nails,2025-10-14
https://www.nailartai.app/design/sophisticated-photo-real-salon-watercolor-nails,2025-10-14
https://www.nailartai.app/design/lavender-chrome-aura-purple-nails,2025-10-14
https://www.nailartai.app/rock/photo-real-salon-rock-nails-0f6b480a,2025-10-14
https://www.nailartai.app/navy/photo-real-salon-navy-nails-6705cb0b,2025-10-14
https://www.nailartai.app/design/summer-blue-white-clouds-yellow-sun-summer-nails,2025-10-14
https://www.nailartai.app/oval/photo-real-salon-oval-nails-4eca233f,2025-10-14
https://www.nailartai.app/design/photo-real-salon-reverse-french-nails,2025-10-14
https://www.nailartai.app/winter-holidays/photo-real-salon-winter-holidays-nails-5c1ee788,2025-10-14
https://www.nailartai.app/design/creepy-halloween-black-orange-gradient-spider-halloween-nails,2025-10-14
https://www.nailartai.app/rock/photo-real-salon-rock-nails-bf8ffe75,2025-10-14
https://www.nailartai.app/design/photo-real-salon-extended-nails,2025-10-14
https://www.nailartai.app/navy/photo-real-salon-navy-nails-45c9cc72,2025-10-14
https://www.nailartai.app/conference/photo-real-salon-conference-nails-0979033a,2025-10-14
https://www.nailartai.app/design/photo-real-salon-girly-nails,2025-10-14
https://www.nailartai.app/design/photo-real-salon-sponge-nails,2025-10-14
https://www.nailartai.app/natural/photo-real-salon-natural-nails-e7a812e6,2025-10-14
https://www.nailartai.app/coffin/photo-real-salon-coffin-nails-e183320b,2025-10-14
https://www.nailartai.app/stripes/stunning-photo-real-salon-stripes-nails-00b5623a,2025-10-14
https://www.nailartai.app/vintage/photo-real-salon-vintage-nails-aab3d43a,2025-10-14
https://www.nailartai.app/aurora/gorgeous-photo-real-salon-aurora-nails-82666cc6,2025-10-14
https://www.nailartai.app/date-night/sophisticated-photo-real-salon-date-night-nails-ddc90581,2025-10-14
https://www.nailartai.app/design/photo-real-salon-chevron-nails,2025-10-14
https://www.nailartai.app/gothic/photo-real-salon-gothic-nails-57f6fcc5,2025-10-14
https://www.nailartai.app/gradient/stunning-photo-real-salon-gradient-nails-9249e051,2025-10-14
https://www.nailartai.app/autumn/autumn-deep-orange-brown-tree-branches-autumn-nails-09fdbe1e,2025-10-14
https://www.nailartai.app/geometric/photo-real-salon-geometric-nails-9cc0ce29,2025-10-14
https://www.nailartai.app/summer/bright-coral-white-palm-trees-gold-summer-nails-32b55a1f,2025-10-14
https://www.nailartai.app/cream/photo-real-salon-cream-nails-f3a9cac9,2025-10-14
https://www.nailartai.app/magnetic/stunning-photo-real-salon-magnetic-nails-44e5a61b,2025-10-14
https://www.nailartai.app/design/gorgeous-photo-real-salon-stripes-nails,2025-10-14
https://www.nailartai.app/chevron/sophisticated-photo-real-salon-chevron-nails-2b600130,2025-10-14
https://www.nailartai.app/design/sophisticated-photo-real-salon-chevron-nails,2025-10-14
https://www.nailartai.app/sophisticated/photo-real-salon-sophisticated-nails-dd48e153,2025-10-14
https://www.nailartai.app/glitter-application/stunning-photo-real-salon-glitter-application-nails-0df2cc5f,2025-10-14
https://www.nailartai.app/design/photo-real-salon-embellished-nails,2025-10-14
https://www.nailartai.app/mermaid/photo-real-salon-mermaid-nails-eface5c7,2025-10-14
https://www.nailartai.app/bohemian/photo-real-salon-bohemian-nails-b19dd21a,2025-10-14
https://www.nailartai.app/fairy/photo-real-salon-fairy-nails-e4fe4969,2025-10-14
https://www.nailartai.app/turquoise/photo-real-salon-turquoise-nails-ef184e2d,2025-10-14
https://www.nailartai.app/categories/nail-shapes,2025-10-14
https://www.nailartai.app/design/photo-real-salon-gym-nails,2025-10-14
https://www.nailartai.app/summer-nail-art/orange-yellow-sun-white-seagull-silhouettes-summer-nails-17562d24,2025-10-14
https://www.nailartai.app/vacation/photo-real-salon-vacation-nails-6b288ca7,2025-10-14
https://www.nailartai.app/halloween-nail-art/black-orange-pumpkins-white-ghost-silhouettes-halloween-nails-c5d1c33b,2025-10-14
https://www.nailartai.app/queen/photo-real-salon-queen-nails-934ce6bb,2025-10-14
https://www.nailartai.app/cat-eye/sophisticated-photo-real-salon-cat-eye-nails-fccaf76d,2025-10-14
https://www.nailartai.app/rhinestone/stunning-photo-real-salon-rhinestone-nails-0206431c,2025-10-14
https://www.nailartai.app/design/beautiful-photo-real-salon-detailing-nails,2025-10-14
https://www.nailartai.app/short/photo-real-salon-short-nails-1e02e888,2025-10-14
https://www.nailartai.app/glamour/photo-real-salon-glamour-nails-9990df02,2025-10-14
https://www.nailartai.app/masculine/photo-real-salon-masculine-nails-34a5b42e,2025-10-14
https://www.nailartai.app/3d/sophisticated-photo-real-salon-3d-nails-10da4d5f,2025-10-14
https://www.nailartai.app/stiletto/photo-real-salon-stiletto-nails-0c67f60c,2025-10-14
https://www.nailartai.app/design/french-christmas-nude-red-gold-lights-christmas-nails,2025-10-14
https://www.nailartai.app/polka-dots/photo-real-salon-polka-dots-nails-e2a02fff,2025-10-14
https://www.nailartai.app/preppy/photo-real-salon-preppy-nails-76a3da95,2025-10-14
https://www.nailartai.app/reverse-french/sophisticated-photo-real-salon-reverse-french-nails-6735dbe8,2025-10-14
https://www.nailartai.app/french-nail-art/french-beige-white-pearl-french-nails-4ee0e0e3,2025-10-14
https://www.nailartai.app/art-deco/beautiful-photo-real-salon-art-deco-nails-d7440a21,2025-10-14
https://www.nailartai.app/design/sophisticated-photo-real-salon-rhinestone-nails,2025-10-14
https://www.nailartai.app/squoval/photo-real-salon-squoval-nails-12055908,2025-10-14
https://www.nailartai.app/lunch/photo-real-salon-lunch-nails-7737fa60,2025-10-14
https://www.nailartai.app/design/beautiful-photo-real-salon-half-moon-nails,2025-10-14
https://www.nailartai.app/design/orange-black-stripes-white-ghosts-halloween-nails,2025-10-14
https://www.nailartai.app/conference/photo-real-salon-conference-nails-6f7f59c7,2025-10-14
https://www.nailartai.app/design/photo-real-salon-winter-nails,2025-10-14
https://www.nailartai.app/design/photo-real-salon-brunch-nails,2025-10-14
https://www.nailartai.app/holiday/gorgeous-photo-real-salon-holiday-nails-dfcceaa1,2025-10-14
https://www.nailartai.app/design/gorgeous-photo-real-salon-glitter-application-nails,2025-10-14
https://www.nailartai.app/prom/photo-real-salon-prom-nails-1ceb4a53,2025-10-14
https://www.nailartai.app/gradient/gorgeous-photo-real-salon-gradient-nails-f6c00c12,2025-10-14
https://www.nailartai.app/christmas/silver-snowflakes-red-berries-gold-glitter-christmas-nails-2fa4c46b,2025-10-14
https://www.nailartai.app/design/brown-orange-pumpkins-gold-autumn-leaves-fall-nails,2025-10-14
https://www.nailartai.app/christmas-day/photo-real-salon-christmas-day-nails-43551cd3,2025-10-14
https://www.nailartai.app/design/photo-real-salon-athletic-nails,2025-10-14
https://www.nailartai.app/nail-colors/gold,2025-10-14
https://www.nailartai.app/design/photo-real-salon-birthday-nails,2025-10-14
https://www.nailartai.app/design/photo-real-salon-graduation-nails,2025-10-14
https://www.nailartai.app/art-deco/beautiful-photo-real-salon-art-deco-nails-c0d23fe1,2025-10-14
https://www.nailartai.app/stripes/sophisticated-photo-real-salon-stripes-nails-2ad569cd,2025-10-14
https://www.nailartai.app/reverse-french/photo-real-salon-reverse-french-nails-33567eb3,2025-10-14
https://www.nailartai.app/gothic/photo-real-salon-gothic-nails-589d1ded,2025-10-14
https://www.nailartai.app/bridesmaid/photo-real-salon-bridesmaid-nails-5602d5aa,2025-10-14
https://www.nailartai.app/lunch/photo-real-salon-lunch-nails-0080a8f0,2025-10-14
https://www.nailartai.app/coffee/photo-real-salon-coffee-nails-8731bcc4,2025-10-14
https://www.nailartai.app/design/stunning-photo-real-salon-chevron-nails,2025-10-14
https://www.nailartai.app/tropical/photo-real-salon-tropical-nails-2e02bd81,2025-10-14
https://www.nailartai.app/abstract/abstract-red-blue-shapes-silver-abstract-nails-b7fe83b5,2025-10-14
https://www.nailartai.app/design/stunning-photo-real-salon-casual-nails,2025-10-14
https://www.nailartai.app/cocktail/photo-real-salon-cocktail-nails-c6fad679,2025-10-14
https://www.nailartai.app/lime/photo-real-salon-lime-nails-bd88a9c7,2025-10-14
https://www.nailartai.app/transparent/photo-real-salon-transparent-nails-89c141ea,2025-10-14
https://www.nailartai.app/rose-gold/photo-real-salon-rose-gold-nails-f2ace9e4,2025-10-14
https://www.nailartai.app/stripes/photo-real-salon-stripes-nails-e91b6ddc,2025-10-14
https://www.nailartai.app/summer-nail-art/yellow-orange-sun-white-cloud-summer-nails-be609c4d,2025-10-14
https://www.nailartai.app/edge/photo-real-salon-edge-nails-c597e691,2025-10-14
https://www.nailartai.app/design/photo-real-salon-stiletto-nails,2025-10-14
https://www.nailartai.app/design/gorgeous-photo-real-salon-reverse-french-nails,2025-10-14
https://www.nailartai.app/unicorn/photo-real-salon-unicorn-nails-dada4556,2025-10-14
https://www.nailartai.app/art-deco/beautiful-photo-real-salon-art-deco-nails-3f9d4809,2025-10-14
https://www.nailartai.app/spring/photo-real-salon-spring-nails-ee7308cd,2025-10-14
https://www.nailartai.app/bridal/gorgeous-photo-real-salon-bridal-nails-7d649ff5,2025-10-14
https://www.nailartai.app/embellished/photo-real-salon-embellished-nails-e09486b2,2025-10-14
https://www.nailartai.app/design/gorgeous-photo-real-salon-bridal-nails,2025-10-14
https://www.nailartai.app/art-deco/photo-real-salon-art-deco-nails-e9f4473f,2025-10-14
https://www.nailartai.app/design/beautiful-photo-real-salon-gradient-nails,2025-10-14
https://www.nailartai.app/nature/photo-real-salon-nature-nails-bc56139e,2025-10-14
https://www.nailartai.app/design/photo-real-salon-french-manicure-nails,2025-10-14
https://www.nailartai.app/holographic/photo-real-salon-holographic-nails-53fb4712,2025-10-14
https://www.nailartai.app/polka-dots/stunning-photo-real-salon-polka-dots-nails-5d70d6d7,2025-10-14
https://www.nailartai.app/thermal/photo-real-salon-thermal-nails-f94fd60b,2025-10-14
https://www.nailartai.app/rhinestone/beautiful-photo-real-salon-rhinestone-nails-741cf270,2025-10-14
https://www.nailartai.app/half-moon/stunning-photo-real-salon-half-moon-nails-da1cc4fd,2025-10-14
https://www.nailartai.app/design/gorgeous-photo-real-salon-embellished-nails,2025-10-14
https://www.nailartai.app/design/beautiful-photo-real-salon-geometric-nails,2025-10-14
https://www.nailartai.app/design/photo-real-salon-modern-nails,2025-10-14
https://www.nailartai.app/casual/photo-real-salon-casual-nails-a072249b,2025-10-14
https://www.nailartai.app/design/photo-real-salon-flair-nails,2025-10-14
https://www.nailartai.app/floral/photo-real-salon-floral-nails-07e52663,2025-10-14
https://www.nailartai.app/half-moon/photo-real-salon-half-moon-nails-e28c3cfb,2025-10-14
https://www.nailartai.app/cute/photo-real-salon-cute-nails-5088b7b7,2025-10-14
https://www.nailartai.app/design/french-pink-white-silver-glitter-line-french-nails,2025-10-14
https://www.nailartai.app/edge/photo-real-salon-edge-nails-b76f1347,2025-10-14
https://www.nailartai.app/chevron/gorgeous-photo-real-salon-chevron-nails-3ce087a0,2025-10-14
https://www.nailartai.app/design/photo-real-salon-nature-nails,2025-10-14
https://www.nailartai.app/summer/beach-summer-white-blue-waves-gold-summer-nails-4bac7ade,2025-10-14
https://www.nailartai.app/geometric/beautiful-photo-real-salon-geometric-nails-0116fb70,2025-10-14
https://www.nailartai.app/modern/photo-real-salon-modern-nails-984af061,2025-10-14
https://www.nailartai.app/casual/stunning-photo-real-salon-casual-nails-e29412c2,2025-10-14
https://www.nailartai.app/natural/photo-real-salon-natural-nails-8744a060,2025-10-14
https://www.nailartai.app/brunch/photo-real-salon-brunch-nails-de5487b4,2025-10-14
https://www.nailartai.app/flair/photo-real-salon-flair-nails-a7813cc6,2025-10-14
https://www.nailartai.app/sporty/photo-real-salon-sporty-nails-972baf74,2025-10-14
https://www.nailartai.app/embellished/beautiful-photo-real-salon-embellished-nails-f774608d,2025-10-14
https://www.nailartai.app/chrome/sophisticated-photo-real-salon-chrome-nails-aeed0bbc,2025-10-14
https://www.nailartai.app/foil/photo-real-salon-foil-nails-362aad77,2025-10-14
https://www.nailartai.app/winter/stunning-photo-real-salon-winter-nails-e5925528,2025-10-14
https://www.nailartai.app/valentine's-day/photo-real-salon-valentine's-day-nails-41ac5711,2025-10-14
https://www.nailartai.app/bridesmaid/stunning-photo-real-salon-bridesmaid-nails-ed4e0154,2025-10-14
https://www.nailartai.app/stiletto/photo-real-salon-stiletto-nails-3a768466,2025-10-14
https://www.nailartai.app/magnetic/beautiful-photo-real-salon-magnetic-nails-33c97e91,2025-10-14
https://www.nailartai.app/rhinestone/sophisticated-photo-real-salon-rhinestone-nails-e7390160,2025-10-14
https://www.nailartai.app/categories/techniques,2025-10-14
https://www.nailartai.app/coral/photo-real-salon-coral-nails-566c30f1,2025-10-14
https://www.nailartai.app/half-moon/gorgeous-photo-real-salon-half-moon-nails-1877abe3,2025-10-14
https://www.nailartai.app/half-moon/sophisticated-photo-real-salon-half-moon-nails-6e814e6c,2025-10-14
https://www.nailartai.app/stripes/gorgeous-photo-real-salon-stripes-nails-533b1561,2025-10-14
https://www.nailartai.app/summer/bright-coral-white-palm-trees-gold-summer-nails-55108c8c,2025-10-14
https://www.nailartai.app/design/photo-real-salon-bridal-nails,2025-10-14
https://www.nailartai.app/detailing/beautiful-photo-real-salon-detailing-nails-dfbb44a8,2025-10-14
https://www.nailartai.app/design/fall-orange-brown-tree-bark-gold-autumn-nails,2025-10-14
https://www.nailartai.app/3d/gorgeous-photo-real-salon-3d-nails-6040f364,2025-10-14
https://www.nailartai.app/design/photo-real-salon-medium-nails-nails,2025-10-14
https://www.nailartai.app/unicorn/photo-real-salon-unicorn-nails-a4694759,2025-10-14
https://www.nailartai.app/yoga/photo-real-salon-yoga-nails-e988a7bd,2025-10-14
https://www.nailartai.app/korean/photo-real-salon-korean-nails-c538c347,2025-10-14
https://www.nailartai.app/abstract/colorful-geometric-shapes-brush-strokes-abstract-nails-264525e6,2025-10-14
https://www.nailartai.app/extra-long-nails/photo-real-salon-extra-long-nails-nails-c900c3f0,2025-10-14
https://www.nailartai.app/anniversary/photo-real-salon-anniversary-nails-6eb12dd1,2025-10-14
https://www.nailartai.app/preppie/photo-real-salon-preppie-nails-fcd59475,2025-10-14
https://www.nailartai.app/design/photo-real-salon-champagne-nails,2025-10-14
https://www.nailartai.app/long/photo-real-salon-long-nails-852d0b9e,2025-10-14
https://www.nailartai.app/autumn/fall-deep-red-yellow-leaves-brown-autumn-nails-474afe09,2025-10-14
https://www.nailartai.app/boho/photo-real-salon-boho-nails-1e995d27,2025-10-14
https://www.nailartai.app/design/photo-real-salon-royal-nails,2025-10-14
https://www.nailartai.app/stamping/gorgeous-photo-real-salon-stamping-nails-c2222b09,2025-10-14
https://www.nailartai.app/negative-space/photo-real-salon-negative-space-nails-7b4cdf60,2025-10-14
https://www.nailartai.app/summer/yellow-orange-sun-white-cloud-summer-nails-88e78f23,2025-10-14
https://www.nailartai.app/autumn/orange-brown-leaves-gold-pumpkin-autumn-nails-ee23ed09,2025-10-14
https://www.nailartai.app/galaxy/sophisticated-photo-real-salon-galaxy-nails-ed31a50d,2025-10-14
https://www.nailartai.app/magnetic/sophisticated-photo-real-salon-magnetic-nails-1313c837,2025-10-14
https://www.nailartai.app/ivory/photo-real-salon-ivory-nails-b3df7056,2025-10-14
https://www.nailartai.app/beach/stunning-photo-real-salon-beach-nails-601b4e36,2025-10-14
https://www.nailartai.app/design/photo-real-salon-floral-nails,2025-10-14
https://www.nailartai.app/wedding/gorgeous-photo-real-salon-wedding-nails-38959bd3,2025-10-14
https://www.nailartai.app/design/gorgeous-photo-real-salon-pink-nails,2025-10-14
https://www.nailartai.app/chrome/gorgeous-photo-real-salon-chrome-nails-8c527e01,2025-10-13
https://www.nailartai.app/design/black-orange-pumpkins-white-ghost-silhouettes-halloween-nails,2025-10-13
https://www.nailartai.app/try-on?design=0c17b610-dd67-4bfc-af3c-f2dc07f93c08,2025-10-13
https://www.nailartai.app/french-tips/beautiful-photo-real-salon-french-tips-nails-5a75182b,2025-10-13
https://www.nailartai.app/design/pastel-ombr-floral-easter-easter-nails,2025-10-13
https://www.nailartai.app/meeting/photo-real-salon-meeting-nails-64159f66,2025-10-13
https://www.nailartai.app/gradient/sophisticated-photo-real-salon-gradient-nails-f4a42616,2025-10-13
https://www.nailartai.app/reverse-french/gorgeous-photo-real-salon-reverse-french-nails-5574174a,2025-10-13
https://www.nailartai.app/art-deco/photo-real-salon-art-deco-nails-1b08b4a6,2025-10-13
https://www.nailartai.app/design/sophisticated-photo-real-salon-art-deco-nails,2025-10-13
https://www.nailartai.app/design/photo-real-salon-half-moon-nails,2025-10-13
https://www.nailartai.app/design/beautiful-photo-real-salon-date-night-nails,2025-10-13
https://www.nailartai.app/vacation/photo-real-salon-vacation-nails-8ab15f95,2025-10-13
https://www.nailartai.app/design/stunning-photo-real-salon-holographic-nails,2025-10-13
https://www.nailartai.app/reverse-french/gorgeous-photo-real-salon-reverse-french-nails-aa5702e6,2025-10-13
https://www.nailartai.app/unicorn/sophisticated-photo-real-salon-unicorn-nails-411e9745,2025-10-13
https://www.nailartai.app/kawaii/photo-real-salon-kawaii-nails-ed911e7d,2025-10-13
https://www.nailartai.app/winter-wedding/photo-real-salon-winter-wedding-nails-630c73d1,2025-10-13
https://www.nailartai.app/rose-gold/photo-real-salon-rose-gold-nails-c20c5731,2025-10-13
https://www.nailartai.app/winter/sophisticated-photo-real-salon-winter-nails-df1283c9,2025-10-13
https://www.nailartai.app/art-deco/photo-real-salon-art-deco-nails-5eac41c6,2025-10-13
https://www.nailartai.app/bronze/photo-real-salon-bronze-nails-43c5bbd4,2025-10-13
https://www.nailartai.app/sponge/stunning-photo-real-salon-sponge-nails-884a56ca,2025-10-13
https://www.nailartai.app/embellished/sophisticated-photo-real-salon-embellished-nails-d8aeb5d6,2025-10-13
https://www.nailartai.app/stamping/sophisticated-photo-real-salon-stamping-nails-2f8fc148,2025-10-13
https://www.nailartai.app/nail-art-gallery/category/American,2025-10-13
https://www.nailartai.app/nail-art-gallery/category/European,2025-10-13
https://www.nailartai.app/copper/photo-real-salon-copper-nails-2177eeb8,2025-10-13
https://www.nailartai.app/french-manicure/sophisticated-photo-real-salon-french-manicure-nails-0f8ef7eb,2025-10-13
https://www.nailartai.app/galaxy/photo-real-salon-galaxy-nails-202f18ff,2025-10-13
https://www.nailartai.app/nail-colors/black,2025-10-13
https://www.nailartai.app/unicorn/photo-real-salon-unicorn-nails-4bab9707,2025-10-13
https://www.nailartai.app/work/gorgeous-photo-real-salon-work-nails-aeba056c,2025-10-13
https://www.nailartai.app/crystal/photo-real-salon-crystal-nails-8083b334,2025-10-13
https://www.nailartai.app/design/beautiful-photo-real-salon-party-nails,2025-10-13
https://www.nailartai.app/halloween/creepy-halloween-white-black-spider-webs-halloween-nails-2d49d0ff,2025-10-13
https://www.nailartai.app/design/photo-real-salon-yoga-nails,2025-10-13
https://www.nailartai.app/blue/french-cobalt-blue-chrome-blue-nails-5602d506,2025-10-13
https://www.nailartai.app/design/photo-real-salon-anniversary-nails,2025-10-13
https://www.nailartai.app/design/stunning-photo-real-salon-geometric-nails,2025-10-13
https://www.nailartai.app/design/abstract-pink-blue-gold-metallic-abstract-nails,2025-10-13
https://www.nailartai.app/design/stunning-photo-real-salon-date-night-nails,2025-10-13
https://www.nailartai.app/design/short-square-festive-red-green-christmas-christmas-nails,2025-10-13
https://www.nailartai.app/foil/beautiful-photo-real-salon-foil-nails-a93bc2db,2025-10-13
https://www.nailartai.app/sponging/gorgeous-photo-real-salon-sponging-nails-18c28440,2025-10-13
https://www.nailartai.app/christmas/red-gold-glitter-snowflake-christmas-tree-christmas-nails-49ee75bc,2025-10-13
https://www.nailartai.app/blue/baby-blue-cloud-silver-stars-blue-nails-897c717f,2025-10-13
https://www.nailartai.app/rhinestone/gorgeous-photo-real-salon-rhinestone-nails-06a4077a,2025-10-13
https://www.nailartai.app/design/nude-white-polka-dots-minimalist-nails,2025-10-13
https://www.nailartai.app/glamorous/photo-real-salon-glamorous-nails-2b8df548,2025-10-13
https://www.nailartai.app/gradient/photo-real-salon-gradient-nails-3cb9a1b9,2025-10-13
https://www.nailartai.app/date-night/sophisticated-photo-real-salon-date-night-nails-d46c23e3,2025-10-13
https://www.nailartai.app/detailing/sophisticated-photo-real-salon-detailing-nails-b8c5f740,2025-10-13
https://www.nailartai.app/design/sophisticated-photo-real-salon-wedding-nails,2025-10-13
https://www.nailartai.app/embellished/gorgeous-photo-real-salon-embellished-nails-de858f13,2025-10-13
https://www.nailartai.app/gym/photo-real-salon-gym-nails-13c339ba,2025-10-13
https://www.nailartai.app/pink/stunning-photo-real-salon-pink-nails-5dcee35d,2025-10-13
https://www.nailartai.app/design/gorgeous-photo-real-salon-aurora-nails,2025-10-13
https://www.nailartai.app/sporty/photo-real-salon-sporty-nails-137783e9,2025-10-13
https://www.nailartai.app/design/beautiful-photo-real-salon-french-tips-nails,2025-10-13
https://www.nailartai.app/sponging/sophisticated-photo-real-salon-sponging-nails-9708c401,2025-10-13
https://www.nailartai.app/stripes/beautiful-photo-real-salon-stripes-nails-dc3ac2df,2025-10-13
https://www.nailartai.app/design/photo-real-salon-thermal-nails,2025-10-13
https://www.nailartai.app/design/french-beige-white-pearl-french-nails,2025-10-13
https://www.nailartai.app/watercolor/beautiful-photo-real-salon-watercolor-nails-73cd9476,2025-10-13
https://www.nailartai.app/design/photo-real-salon-bridesmaid-nails,2025-10-13
https://www.nailartai.app/art-deco/gorgeous-photo-real-salon-art-deco-nails-f5eb3da5,2025-10-13
https://www.nailartai.app/back-to-school/photo-real-salon-back-to-school-nails-a05045e4,2025-10-13
https://www.nailartai.app/rhinestone/beautiful-photo-real-salon-rhinestone-nails-68a192c5,2025-10-13